bnf_class_code,peak_trough_ratio,ptr_lci,ptr_uci,peak_month,trough_month,amp_annual,amp_semiannual,n_peaks,seasonal_reproducibility,stl_seasonal_strength,stl_trend_strength,aic_1h,aic_2h,modality,bnf_class_name,p_value,distribution,route,disp_ratio,disp_p,lb_p,nw_lag,hac_capped,theta,b_sin12,b_cos12,b_sin6,b_cos6,converged,note,class_q_bh,class_significant,inference_scope,multiplicity_family
050304,158.006186480819,59.885159206419,431.964485264789,Jan,Aug,2.28735377444349,0.67008832077732,1,0.76641308662033,0.720449269735343,0.431018286119244,31027.3054660685,24836.6854762606,"unimodal, non-sinusoidal (2 harmonics, 1 peak)",Influenza,4.68215957348274e-70,poisson,HAC-Wald,616.202619393856,0.015663559518702,0.0253892329626093,0.868333656509318,FALSE,,1.4557031507995,1.76434566517259,0.0903764497613319,0.663965703158458,TRUE,,1.28759388270775e-68,TRUE,primary_inferential,all_eligible_classes
140400,60.0870466156543,23.8706133871425,163.598417679388,Oct,Jun,1.54855377782612,0.867288497609311,2,0.858076031143359,0.860914505478275,0,17956017.1406934,9160429.10251844,"bimodal (2 harmonics, 2 peaks)",Vaccines and antisera,1.59634766296845e-75,poisson,HAC-Wald,210018.931132338,5.83640418943395e-06,0.041092291041169,2.21104635009149,FALSE,,-0.66119806608119,1.4002985111147,-0.651747397568028,-0.572201597209164,TRUE,,5.01709265504371e-74,TRUE,primary_inferential,all_eligible_classes
091101,4.21767876213855,2.30252925271237,11.9961055156587,Oct,Feb,0.558056673317522,0.301494782430086,2,-0.00574791181004416,0.00214431147803729,0.704659643444931,7319.62523162249,5937.85192892767,"bimodal (2 harmonics, 2 peaks)",Amino acids and nutritional agents,0.000397183116567696,poisson,HAC-Wald,144.536789780143,0.00176478868138175,0.0173611370481709,2.90414994473843,FALSE,,-0.551609116687423,0.0845850638206322,-0.279362419514994,0.113383166278305,TRUE,,0.000970892062721036,TRUE,primary_inferential,all_eligible_classes
030902,2.14078973147389,1.95961769766645,2.3501452183663,Dec,Aug,0.327028728231983,0.120921482492106,1,0.918371032320751,0.882206161178863,0.536043948385994,4003.20371567538,2443.10541168872,"unimodal, non-sinusoidal (2 harmonics, 1 peak)",Expectorant and demulcent cough preparations,9.80815688728394e-142,poisson,HAC-Wald,48.9283734372003,4.12070914663297e-05,0.0336447337939858,11.1204073574542,FALSE,,0.130308102714288,0.299945974228745,-0.0908202507024063,0.0798353743051332,TRUE,,7.19264838400822e-140,TRUE,primary_inferential,all_eligible_classes
110402,1.98126865877568,1.88367230426058,2.12508479290509,Jun,Jan,0.330099492833001,0.109552250434335,1,0.970923878945256,0.962261489945391,0.206118692835272,65341.1065740509,38538.2915536494,"unimodal, non-sinusoidal (2 harmonics, 1 peak)",Other anti-inflammatory preparations,6.53183629706961e-146,poisson,HAC-Wald,982.846137599289,0.00683978721029577,0.000236752081077651,0.444010366025165,FALSE,,0.0127434156930895,-0.32985342278818,-0.0244837881406989,0.10678127033103,TRUE,,7.18501992677657e-144,TRUE,primary_inferential,all_eligible_classes
050506,1.66286854379828,1.54164278860944,1.93622169935406,Jan,Aug,0.257024299116947,0.0366061978954039,1,0.45631479672964,0.357383650660079,0.977280726910339,1380.62164054921,1315.4739772202,"unimodal, non-sinusoidal (2 harmonics, 1 peak)",Filaricides,8.95542925086484e-61,poisson,HAC-Wald,22.3831669442745,7.0841066054369e-10,0.0402378723035992,1.10018397417083,FALSE,,0.165859647837377,0.196346804292352,-0.0339212382997131,0.0137609344367144,TRUE,,1.97019443519026e-59,TRUE,primary_inferential,all_eligible_classes
091104,1.63392196863269,1.19063371045219,2.43724680910422,Oct,Feb,0.180803921457907,0.111214748503062,2,0.014559709666591,0,0.824033237437765,1456.93873222549,1324.39834383673,"bimodal (2 harmonics, 2 peaks)",Digestive aids,0.0227407218648549,poisson,HAC-Wald,23.6634641201687,3.444009460377e-05,6.06456632856744e-06,0.991497675850845,FALSE,,-0.18080362380166,-0.000328077345432437,-0.102665682258656,0.0427607059221902,TRUE,,0.0413467670270089,TRUE,primary_inferential,all_eligible_classes
050103,1.6006884701747,1.46006005128212,1.77739042056285,Dec,Aug,0.211053262148009,0.0625437033497495,1,0.856687580456768,0.824657179986849,0.356519661359553,140281.960049796,101046.825009906,"unimodal, non-sinusoidal (2 harmonics, 1 peak)",Tetracyclines,7.32665654772252e-90,poisson,HAC-Wald,2565.45068504433,0.00306084107962484,0.0051294132315346,3.24825180992272,FALSE,,0.111525202479168,0.17918038027445,-0.017167416397245,0.0601414552779119,TRUE,,3.22372888099791e-88,TRUE,primary_inferential,all_eligible_classes
030403,1.58280299421674,1.42544266385638,1.80084772087223,Aug,Dec,0.19259870377982,0.0902265878404827,2,0.784138120456475,0.827586221090884,0.318678297879199,26126.9594690741,19381.4096010087,"bimodal (2 harmonics, 2 peaks)",Allergic emergencies,1.22919983968918e-18,poisson,HAC-Wald,478.23539351304,1.03684039037671e-06,0.00376183114386286,2.10207814650895,FALSE,,-0.0254631097228256,-0.19090806882086,0.0229918627444966,-0.0872479879474282,TRUE,,8.72335370101998e-18,TRUE,primary_inferential,all_eligible_classes
110301,1.57739215119567,1.39114889382172,1.82860544582019,Feb,Sep,0.211973374566433,0.0526939030932643,1,0.893175726261802,0.767583974888006,0.632865119146594,31392.1959241875,25237.0935257783,"unimodal, non-sinusoidal (2 harmonics, 1 peak)",Antibacterials,2.09572188341215e-11,poisson,HAC-Wald,619.33542253509,3.33014311241166e-07,6.00019145480246e-10,1.34549860482517,FALSE,,0.207890921453825,0.0414014045916435,0.0525976696238056,0.00318317032961334,TRUE,,9.40936355817698e-11,TRUE,primary_inferential,all_eligible_classes
050101,1.57177982657312,1.39902616105247,1.76750973478682,Dec,Aug,0.19467890431857,0.0694946628243479,1,0.833278102795167,0.767197182955738,0.56487858084988,589273.825999174,440780.923508433,"unimodal, non-sinusoidal (2 harmonics, 1 peak)",Penicillins,6.15032290158321e-22,poisson,HAC-Wald,11365.4898237414,0.0123650280641127,0.0125281989200171,1.50557262808203,FALSE,,0.0937264175027723,0.170631868209824,-0.0155994409123932,0.0677212345154056,TRUE,,5.41228415339323e-21,TRUE,primary_inferential,all_eligible_classes
030901,1.54714449011458,1.45297071441903,1.68254641529096,Dec,Aug,0.201320540880732,0.0540035158207059,1,0.746668641307722,0.813855826297645,0.896123636115213,4612.67371572274,4042.32077385265,"unimodal, non-sinusoidal (2 harmonics, 1 peak)",Cough suppressants,1.06971604340851e-50,poisson,HAC-Wald,87.793049299902,1.45332780297925e-06,3.33066907387547e-16,1.81955200040939,FALSE,,0.0734119662590107,0.187458377754893,-0.017101892214152,0.0512240666454037,TRUE,,1.81028868884518e-49,TRUE,primary_inferential,all_eligible_classes
031000,1.53395778010637,1.41678179452323,1.69011078489754,Dec,Jul,0.203995898403663,0.0375453142216057,1,0.677481006373405,0.714485022852893,0.877148532028957,618.328305708701,619.026631254053,unimodal (1 harmonic preferred),Systemic nasal decongestants,1.63992539429162e-11,negbin,NB-LRT,17.5935602676054,0.00658743793342545,0.0513626873949191,,,113.406900225612,0.0709067320052016,0.191276140492901,-0.0245669184924717,0.0283922020242065,TRUE,,7.51632472383658e-11,TRUE,primary_inferential,all_eligible_classes
131004,1.45179979072057,1.37496096974111,1.55687938827343,Nov,Jul,0.178288701972998,0.0565546016601446,1,0.829338863274437,0.844471747827488,0.968479510770791,7104.28575387077,5589.4863928172,"unimodal, non-sinusoidal (2 harmonics, 1 peak)",Parasiticidal preparations,5.56282410145192e-33,poisson,HAC-Wald,124.729204432514,2.68871583401411e-07,0.0266351308704863,2.71661694273689,FALSE,,0.0385225805705732,0.174077201371691,-0.0411613009215361,-0.0387836341178129,TRUE,,6.7990072351079e-32,TRUE,primary_inferential,all_eligible_classes
050105,1.41515966072867,1.25786607381749,1.62015676987653,Dec,Aug,0.149498826704081,0.0543377458913156,1,0.739566865611029,0.725470369551647,0.534580662054307,117076.038143837,98211.1022481019,"unimodal, non-sinusoidal (2 harmonics, 1 peak)",Macrolides,1.08659850271631e-17,poisson,HAC-Wald,2571.99639151352,0.0284100305164292,0.000406026748873467,1.50416023931523,FALSE,,0.0808433029049013,0.125754759597096,-0.00969999632853951,0.0534649483285592,TRUE,,6.83004773135963e-17,TRUE,primary_inferential,all_eligible_classes
120301,1.41122203342119,1.29540031968565,1.54478481346453,Dec,Aug,0.144322923818549,0.0548310878857866,1,0.812339217902046,0.774843936830557,0.0941044950166002,16564.6275215814,13125.5458800937,"unimodal, non-sinusoidal (2 harmonics, 1 peak)",Drugs for oral ulceration and inflammation,2.6405311263484e-23,poisson,HAC-Wald,312.067314232027,1.36953898339461e-06,0.00664739944344672,1.1492601957667,FALSE,,0.0786193313183072,0.121029364546778,-0.0299931371986794,0.0459005437845789,TRUE,,2.42048686581937e-22,TRUE,primary_inferential,all_eligible_classes
120203,1.39988705263741,1.33505494311528,1.50670853750135,May,Sep,0.164037402572897,0.0516960891246173,1,0.81372576490642,0.853382063327045,0.466865517341894,12053.4649063476,9436.07204706344,"unimodal, non-sinusoidal (2 harmonics, 1 peak)",Nasal preparations for infection,1.1832311656626e-35,poisson,HAC-Wald,221.708687211194,1.10569410887099e-05,0.00489374400497733,1.67696012301742,FALSE,,0.158087867722409,-0.043777797133302,0.0149019501293163,0.0495016920228364,TRUE,,1.53124033203395e-34,TRUE,primary_inferential,all_eligible_classes
131200,1.39150000603553,1.34715308481762,1.45518402678802,Jul,Dec,0.162925273540168,0.0241440848879856,1,0.85081976227239,0.860682748583545,0.0133864855707366,1249.72440321031,1202.01691283193,"unimodal, non-sinusoidal (2 harmonics, 1 peak)",Antiperspirants,7.96603339575815e-82,poisson,HAC-Wald,17.7116375971623,0.000150178736314821,0.0144328022235589,3.23520359517623,FALSE,,-0.0766470264647348,-0.143770226723939,0.0185051381896996,-0.015507955882655,TRUE,,2.92087891177799e-80,TRUE,primary_inferential,all_eligible_classes
130700,1.36776395522095,1.30922924412571,1.47813998189874,Aug,Jan,0.146047960240339,0.0371464272506828,1,0.816649446257441,0.845159308057764,0.666681242590808,3264.96351024987,2951.35413241392,"unimodal, non-sinusoidal (2 harmonics, 1 peak)",Preparations for warts and calluses,7.80487251085793e-33,poisson,HAC-Wald,59.9425742577849,9.64196952064922e-09,0.000358727020950189,4.07382291573452,FALSE,,-0.0799560276551729,-0.12221718509264,0.00325532317261208,-0.0370035123810176,TRUE,,8.58535976194372e-32,TRUE,primary_inferential,all_eligible_classes
030402,1.3245459988564,1.25869432562495,1.40154727442966,May,Nov,0.140565059654125,0.019066309616435,1,0.65932551184598,0.66352455844709,0.962883310817412,413.798789718164,415.691163230758,unimodal (1 harmonic preferred),Allergen immunotherapy,1.11145156579513e-24,poisson,Poisson-LRT,1.23212619340224,0.448243597909744,0.397482556352044,,,,0.0727898983266984,-0.12025043325143,-0.017229545475884,0.00816498163403979,TRUE,,1.06312758467361e-23,TRUE,primary_inferential,all_eligible_classes
060302,1.32210674892433,1.26062336985775,1.38650559711822,Dec,Aug,0.114228540269953,0.0492755088210919,1,0.838718268189474,0.841412373800651,0.581177606144856,90154.1536129296,55462.7856417153,"unimodal, non-sinusoidal (2 harmonics, 1 peak)",Glucocorticoid therapy,5.45428746413827e-43,poisson,HAC-Wald,1374.36363993169,0.000225738847967415,0.00827526064032091,1.98219617912565,FALSE,,0.0372035475482827,0.108000256768339,-0.0207296157974361,0.044703006593161,TRUE,,7.99962161406946e-42,TRUE,primary_inferential,all_eligible_classes
130603,1.32104818223832,1.2897216178332,1.37739515028779,Apr,Dec,0.141438286035543,0.0429953340948928,1,0.880302480693239,0.871713903082918,0.958162044838392,2055.48490232076,1571.85015823691,"unimodal, non-sinusoidal (2 harmonics, 1 peak)",Topical preparation for rosacea,4.47054513380901e-120,poisson,HAC-Wald,25.3903877798559,2.03702530368338e-09,1.24590689132287e-06,11.3080217121697,FALSE,,0.100059954308758,-0.0999639650094046,-0.0428815659297114,-0.0031257090951112,TRUE,,2.45879982359496e-118,TRUE,primary_inferential,all_eligible_classes
130801,1.28027417474989,1.23034332965021,1.35760453086859,Aug,Jan,0.119650030424565,0.0212537089676576,1,0.800407092064241,0.821296587493638,0.649665869646488,7901.11170511128,7544.64446224498,"unimodal, non-sinusoidal (2 harmonics, 1 peak)",Sunscreening preparations,3.15734584893217e-32,poisson,HAC-Wald,172.194452986055,6.29037887495926e-08,4.89862119756879e-08,3.46239177990799,FALSE,,-0.0674829983595981,-0.0988037181132257,-0.00740399345565543,-0.0199223750037615,TRUE,,3.30769565126227e-31,TRUE,primary_inferential,all_eligible_classes
030401,1.27267469676559,1.24970204812114,1.29597518971337,Jun,Jan,0.11675876919854,0.0326841105750631,1,0.904285647192149,0.870210565648606,0.578573554393803,107169.31301631,75303.9911025177,"unimodal, non-sinusoidal (2 harmonics, 1 peak)",Antihistamines,8.86548680425132e-229,poisson,HAC-Wald,1884.29721613538,0.00206106123381779,0.000926955008103691,5.1244523460949,FALSE,,-0.00170111702038837,-0.116746376327665,-0.00752314446095125,0.0318064990450475,TRUE,,1.95040709693529e-226,TRUE,primary_inferential,all_eligible_classes
131106,1.2456382317103,1.18981521442702,1.31845337326011,Aug,Jan,0.107716055275308,0.0189155377988378,1,0.591130832993464,0.662593359334059,0.936922640048208,478.692924194695,480.371492487248,unimodal (1 harmonic preferred),Oxidisers and dyes,7.06498055815025e-10,negbin,NB-LRT,2.17489815027522,0.0175798549586675,0.216531576955525,,,646.340249193271,-0.0842340000429885,-0.0671370374743399,0.0138609477415267,-0.0128713518297779,TRUE,,2.67982021171216e-09,TRUE,primary_inferential,all_eligible_classes
110803,1.23321575393414,1.12313923021272,1.77409137695781,Jun,Feb,0.0467406749739889,0.0811696662183939,2,0.0900070590102026,0.0203575341571509,0.688126735203369,1202.78070775216,1144.36453648851,"bimodal (2 harmonics, 2 peaks)",Other eye preparations,0.000640734573632258,poisson,HAC-Wald,15.9417902768285,0.00196005461376398,0.0176530728318245,12,TRUE,,-0.0405844907386249,-0.0231859830179905,-0.0482290361653929,0.065287631175918,TRUE,,0.00149959155530954,TRUE,primary_inferential,all_eligible_classes
050501,1.22270870264549,1.15731063566431,1.30563696264679,Oct,Jun,0.0761964530854059,0.0399016665734436,1,0.771502521503015,0.785325370754688,0.249605855595211,2313.64897641429,2073.19195152819,"unimodal, non-sinusoidal (2 harmonics, 1 peak)",Drugs for threadworms,1.96782093994999e-16,poisson,HAC-Wald,38.0216476601901,3.16527608814126e-07,6.5240257640653e-10,4.98671849393522,FALSE,,-0.0372275108956373,0.0664831700155135,-0.0194296534921655,-0.0348515646781123,TRUE,,1.13926475470789e-15,TRUE,primary_inferential,all_eligible_classes
050205,1.21036701946009,1.17381232157329,1.25257180775294,Aug,Jan,0.0932054340454948,0.0127535921828231,1,0.792504617811071,0.855577264111386,0.862443453722908,839.856171610765,841.074354087352,unimodal (1 harmonic preferred),Other antifungals,3.21646305646271e-14,negbin,NB-LRT,56.7306923572251,3.4555155395151e-08,0.0966336331955022,,,759.584157127096,-0.0565664842061766,-0.0740775661058154,0.00271826400046156,-0.0124605439042427,TRUE,,1.64563226144604e-13,TRUE,primary_inferential,all_eligible_classes
120201,1.19193765484143,1.16634705952221,1.22658810375015,May,Oct,0.0808773329711556,0.0311796227789176,1,0.820075330185737,0.798205067487765,0.236164217749713,52191.6616494403,37698.7269825808,"unimodal, non-sinusoidal (2 harmonics, 1 peak)",Drugs used in nasal allergy,2.69091836400528e-53,poisson,HAC-Wald,928.75379954371,0.000777208409367318,0.00351439454366076,1.66255020915105,FALSE,,0.0341788768957539,-0.0733003912859411,-0.0120408545525127,0.0287608535735786,TRUE,,4.93335033400967e-52,TRUE,primary_inferential,all_eligible_classes
131400,1.17798114166829,1.14301595529486,1.22033858692556,Jul,Dec,0.0749520691513235,0.0258447351272816,1,0.726414852998371,0.770124685213382,0.726076605812411,684.179934452986,677.83783001524,"unimodal, non-sinusoidal (2 harmonics, 1 peak)",Topical circulatory preparations,9.68394017902633e-12,negbin,NB-LRT,10.378761352386,2.32080194363216e-06,0.170986696688017,,,828.40236820924,-0.0359454268147799,-0.0657703501675952,0.0258004221683892,-0.00151279533719246,TRUE,,4.53290816890594e-11,TRUE,primary_inferential,all_eligible_classes
120101,1.17296096703821,1.13939427200529,1.22309085779406,Sep,May,0.0691615612683248,0.0365144069325948,2,0.692314128251621,0.715127150821162,0.612742459963555,998.452509336174,984.853059204295,"bimodal (2 harmonics, 2 peaks)",Otitis externa,9.70980248727624e-11,negbin,NB-LRT,264.442634000617,5.51015756893392e-08,0.301086413731903,,,680.834732472916,-0.0414489444104962,0.0553652107765142,0.034002657848435,-0.0133086878722656,TRUE,,4.03048405132221e-10,TRUE,primary_inferential,all_eligible_classes
041002,1.1665960140502,1.12196243356078,1.41455113358503,Mar,Nov,0.0683653461338432,0.0226743411475085,1,0.642068427869593,0.781432564472394,0.713423150452413,4363.20675513776,3955.35415586218,"unimodal, non-sinusoidal (2 harmonics, 1 peak)",Nicotine dependence,1.03202153918762e-08,poisson,HAC-Wald,83.4267135430094,4.03393718359811e-08,0.00209029598627597,0.468305041300188,FALSE,,0.0635350997264736,-0.0252410707924061,0.00397635938579587,-0.0223229548337265,TRUE,,3.44007179729206e-08,TRUE,primary_inferential,all_eligible_classes
120303,1.16484832120591,1.12624859643475,1.22365856059057,Jan,Jul,0.0768678963689409,0.0058357912803262,1,0.345983280146372,0.18890702370882,0.0257245713822737,455.858799767501,459.547791461761,unimodal (1 harmonic preferred),Lozenges and sprays,3.60874021131669e-11,poisson,Poisson-LRT,1.72135272176537,0.0542872602591641,0.176330194851784,,,,0.0300385052597976,0.0707556477883098,-0.00574442475757413,-0.00102861269295143,TRUE,,1.58784569297935e-10,TRUE,primary_inferential,all_eligible_classes
040501,1.16276460749282,1.12813447447327,1.21026485280793,Jul,Jan,0.0761700190835587,0.0100801503033056,1,0.776740321708982,0.836949764947427,0.973531455608492,3343.60798772534,3252.24827546287,"unimodal, non-sinusoidal (2 harmonics, 1 peak)",Gastro-intestinal anti-obesity drugs,4.58199515135599e-18,poisson,HAC-Wald,65.9659102672898,2.48025483558543e-08,0.00667415540929695,1.8048359295363,FALSE,,-0.0283455259303946,-0.0706993844875543,-0.00334083661646015,-0.00951042800505589,TRUE,,3.05466343423733e-17,TRUE,primary_inferential,all_eligible_classes
010704,1.14805303603072,1.12173013139099,1.17924142444461,Feb,Jul,0.0654922086532546,0.0116894722449072,1,0.74563291107658,0.825385972019699,0.815150537511877,1134.12872037907,1114.75088068632,"unimodal, non-sinusoidal (2 harmonics, 1 peak)",Management of anal fissures,2.26103516898786e-43,poisson,HAC-Wald,14.5339913715732,4.92315253009197e-09,9.05269557593957e-06,7.72484896024738,FALSE,,0.0454288488143531,0.0471746657612333,0.00167569931838867,-0.0115687420733115,TRUE,,3.55305526555235e-42,TRUE,primary_inferential,all_eligible_classes
050106,1.12603725271104,1.09637483603081,1.16262405834975,Aug,Dec,0.0536527854439234,0.0164685493889006,1,0.625443071163979,0.699724989700713,0.921112860971382,649.805986600186,647.471117502821,"unimodal, non-sinusoidal (2 harmonics, 1 peak)",Clindamycin and lincomycin,1.21816414325666e-09,negbin,NB-LRT,6.28853452403622,3.60223126481017e-07,0.547217732113255,,,1325.47363201776,-0.0266022490152111,-0.0465933657640697,0.0135487623278228,-0.00936184588416349,TRUE,,4.48078666131178e-09,TRUE,primary_inferential,all_eligible_classes
030101,1.12398193011141,1.09436018684027,1.15422082733484,Dec,Aug,0.0405472404787104,0.0292384902312821,2,0.60620968788597,0.696297393766443,0.945357119236476,114201.67029418,79665.7820122889,"bimodal (2 harmonics, 2 peaks)",Adrenoceptor agonists,3.64124951366583e-21,poisson,HAC-Wald,1968.79300308814,1.49436183848033e-08,0.0015885861529269,2.23769702881776,FALSE,,0.00782673670261921,0.0397846817635412,-0.0121977841540455,0.0265726056820948,TRUE,,2.96694404817216e-20,TRUE,primary_inferential,all_eligible_classes
050112,1.11581520073189,1.09292780236593,1.14603428251738,Dec,Jun,0.0548673368295051,0.00610633279842831,1,0.627696252977365,0.561268415728656,0.945414683225901,809.878011372057,812.732241383637,unimodal (1 harmonic preferred),Quinolones,1.01242620690455e-10,negbin,NB-LRT,31.0245650514477,8.87126904928193e-09,0.195458974458422,,,1373.77697440379,-0.00286223261540926,0.0547926297527109,0.0025997166496569,-0.00552528493262185,TRUE,,4.12469936146296e-10,TRUE,primary_inferential,all_eligible_classes
050113,1.11435929387268,1.08521016861751,1.15020535145172,Sep,May,0.047820194673658,0.0148829912746407,1,0.549116754960127,0.56580524875716,0.357607882914212,1051.26822496578,1050.03928501159,"unimodal, non-sinusoidal (2 harmonics, 1 peak)",Urinary-tract infections,6.36718162724136e-08,negbin,NB-LRT,414.510116512898,3.12099938024888e-10,0.10914368701706,,,1063.75747261991,-0.0391331245414254,0.0274839877428993,0.00744209911137433,-0.0128887000933962,TRUE,,2.05997052646044e-07,TRUE,primary_inferential,all_eligible_classes
100102,1.10836818565154,1.08303318931977,1.16705217798179,May,Jan,0.0477347084373475,0.0156794708640566,1,0.722771293066131,0.700685307998969,0.867714635963316,9892.02795812524,9554.58421463906,"unimodal, non-sinusoidal (2 harmonics, 1 peak)",Corticosteroids,2.81520052323302e-12,poisson,HAC-Wald,222.031129387856,9.70006101283705e-10,2.04859929020529e-09,3.57870431833503,FALSE,,0.01584358368016,-0.0450286935827406,-0.0143742004872985,0.00626323933182711,TRUE,,1.34640025024188e-11,TRUE,primary_inferential,all_eligible_classes
120103,1.1069645226574,1.07347838289257,1.14796877538769,Mar,Nov,0.0214139675069953,0.0403668805569369,2,0.535515244607886,0.652274378018777,0.924092336445477,784.752979026646,712.561069448325,"bimodal (2 harmonics, 2 peaks)",Removal of ear wax and other substances,2.1391525581224e-18,poisson,HAC-Wald,6.04739064867381,1.33718233707599e-05,1.00751885678818e-06,10.5581531178078,FALSE,,0.0214093021186087,0.000446975597529173,0.0192852624914049,-0.0354621445563522,TRUE,,1.47066738370915e-17,TRUE,primary_inferential,all_eligible_classes
090201,1.10539427576134,1.07853098264042,1.14212481103077,Jul,Dec,0.0454103138972659,0.0162962049265749,1,0.47476792972319,0.626448018027487,0.863165628185249,913.517438595183,911.895470264833,"unimodal, non-sinusoidal (2 harmonics, 1 peak)",Oral preparation for fluid and electrolyte imbalance,2.79445014443342e-07,negbin,NB-LRT,102.575164847216,1.06555616144462e-06,0.143496604070752,,,968.277139869592,-0.0196853920561982,-0.0409216562206613,0.0162946368071114,0.000226067099010987,TRUE,,8.65885960246975e-07,TRUE,primary_inferential,all_eligible_classes
130503,1.10418002261689,1.08457657395445,1.1373101436377,Apr,Sep,0.04815849512337,0.0094649489946153,1,0.575066578617483,0.694552625560121,0.980320078955157,2913.32625589592,2845.8275485315,"unimodal, non-sinusoidal (2 harmonics, 1 peak)",Drugs affecting the immune response,6.28967479156671e-15,poisson,HAC-Wald,55.9501244886958,1.12371010431279e-08,0.00335635824488889,3.95669415621855,FALSE,,0.0480841102204135,-0.00267563017974663,-0.00446401256727398,0.00834612792077196,TRUE,,3.37494744913336e-14,TRUE,primary_inferential,all_eligible_classes
090202,1.10262014425406,1.08316563446438,1.13531061627019,Dec,Aug,0.0434735425408502,0.0211132820420124,2,0.566089138594957,0.681043719533734,0.453978408158909,770.296999714221,761.191663167614,"bimodal (2 harmonics, 2 peaks)",Parent prepn for fluid and electrolyte imb,1.73556424201412e-09,negbin,NB-LRT,17.8839914654976,3.81094199487172e-10,0.0714001536367234,,,1508.08347983102,0.0171180603369999,0.0399614928568734,0.00762960080171739,0.0196865403306929,TRUE,,6.15845376198558e-09,TRUE,primary_inferential,all_eligible_classes
050102,1.09651932302283,1.06860843575915,1.13222673184559,Dec,May,0.0431121679318929,0.00894566045795129,1,0.426969867984659,0.365554904732833,0.298632376483181,896.711360085523,898.804687525611,unimodal (1 harmonic preferred),Cephalosporins and other beta-lactams,1.42849334664464e-06,negbin,NB-LRT,92.0884766281431,0.000649593830547178,0.0905319736324246,,,1033.17080062758,-0.00920067149624489,0.0421189585318289,0.0077227908587405,0.00451479151025908,TRUE,,4.30504844194276e-06,TRUE,primary_inferential,all_eligible_classes
131002,1.09536238668227,1.07506679517764,1.1847476477714,Aug,Dec,0.0433880720445926,0.016207618000713,2,0.510302003034691,0.585077115550553,0.882780295780227,16147.2820834657,15316.6529700771,"bimodal (2 harmonics, 2 peaks)",Antifungal preparations,8.13874144972882e-05,poisson,HAC-Wald,364.893942726102,6.99518182007074e-09,0.00949374835134409,0.988684726671532,FALSE,,-0.00369832880154477,-0.0432301649293918,-0.00137080805759858,-0.0161495438488602,TRUE,,0.000226648496068398,TRUE,primary_inferential,all_eligible_classes
090103,1.09057133636029,1.05382591322322,1.14840219802499,Jul,Apr,0.0333043733530753,0.0208808859558182,2,0.353971803910236,0.445250838595309,0.553838738498263,448.029085743218,446.963484470746,"bimodal (2 harmonics, 2 peaks)","Hypoplastic,haemolytic and renal anaemias",0.00186569215022089,poisson,Poisson-LRT,1.15647122593001,0.575265803366528,0.138878123393162,,,,-0.0333032009822504,0.00027944369176669,0.0163583110271664,0.0129775598106259,TRUE,,0.00398497352474364,TRUE,primary_inferential,all_eligible_classes
130400,1.08979112605124,1.06091335991799,1.13436140920518,Mar,Oct,0.0423631784047678,0.00537930823449404,1,0.450241592810776,0.660167635392839,0.198917384555961,1155.90163830668,1159.44506857544,unimodal (1 harmonic preferred),Topical corticosteroids,0.000305558340311728,negbin,NB-LRT,1634.65889293477,1.53125409225191e-07,0.0556323132746279,,,670.9619225288,0.0402341186431939,-0.013261017365179,0.00533540297689137,0.000685880569686945,TRUE,,0.000772676262857242,TRUE,primary_inferential,all_eligible_classes
060104,1.08955053816695,1.07483408778429,1.11018697158642,Jul,Dec,0.0397558578390702,0.0140039300337609,1,0.579098958440817,0.558320706819579,0.752897330020895,2042.3064766933,1886.235654342,"unimodal, non-sinusoidal (2 harmonics, 1 peak)",Treatment of hypoglycaemia,6.68093331043799e-33,poisson,HAC-Wald,31.8765840476075,2.3228185394916e-08,0.0362899630969283,0.63556651236137,FALSE,,-0.0188678553864702,-0.0349933174425576,0.0138671168192749,0.00195272310147956,TRUE,,7.73581751734925e-32,TRUE,primary_inferential,all_eligible_classes
070202,1.08516514325709,1.04509829438485,1.13795250910813,Sep,May,0.0271215797907489,0.0202923058909639,2,0.531426921497649,0.505705457239998,0.25204181959105,6829.88802352786,6131.34853072916,"bimodal (2 harmonics, 2 peaks)",Vaginal and vulval infections,0.00242987722453505,poisson,HAC-Wald,136.372188070547,1.50496883096522e-09,0.00202400955572135,0.247021922390715,FALSE,,-0.0220715200037715,0.0157616019195091,0.00835817744200407,-0.0184910396738642,TRUE,,0.00509117132759724,TRUE,primary_inferential,all_eligible_classes
131003,1.08353464881279,1.06634851625324,1.10654852835712,Dec,Aug,0.0339596102020291,0.0127041154702289,1,0.355648781635626,0.484771739256784,0.87308173048617,938.928654173195,915.558344709698,"unimodal, non-sinusoidal (2 harmonics, 1 peak)",Antiviral preparations,8.52168709263991e-22,poisson,HAC-Wald,9.63905225698031,1.39640981436339e-06,0.0142826745597037,1.04175222789527,FALSE,,0.0180839694399142,0.0287441328686396,-0.00374128569462932,0.0121407302594231,TRUE,,7.21065830915685e-21,TRUE,primary_inferential,all_eligible_classes
120202,1.08014730180041,1.05424468072998,1.12192394292826,Jan,Sep,0.0351441430742735,0.00994798062458771,1,0.261895683106919,0.255688766966176,0.12500123705646,802.622048135148,804.756117367651,unimodal (1 harmonic preferred),Topical nasal decongestants,0.000592309980565307,negbin,NB-LRT,36.7843453260882,3.73458448895217e-07,0.200693941585367,,,826.515386804422,0.0320986210020983,0.0143104619837607,0.00716564385776703,0.00690042510363079,TRUE,,0.00140116339488567,TRUE,primary_inferential,all_eligible_classes
130502,1.07754843194025,1.06751346000675,1.09551616373415,Apr,Oct,0.0380624563029663,0.00211547372602985,1,0.525596827358873,0.566738613375785,0,5268.47267252205,5260.32548615277,"unimodal, non-sinusoidal (2 harmonics, 1 peak)",Preparations for psoriasis,1.0048703203953e-56,poisson,HAC-Wald,114.395095314566,9.29181866679716e-08,0.00373000308667204,7.51409329919271,FALSE,,0.0286614614779229,-0.0250453829231011,-0.0017030093731372,-0.00125498532283428,TRUE,,2.00974064079059e-55,TRUE,primary_inferential,all_eligible_classes
130602,1.07733921772476,1.05434733238207,1.11696064320648,Mar,Oct,0.0372903716125371,0.00497294676064151,1,0.429130460791426,0.463313048431134,0.921144954155623,695.10695068413,698.618402697553,unimodal (1 harmonic preferred),Oral preparations for acne,0.000372271803373037,negbin,NB-LRT,12.1499169074117,9.97038066110911e-06,0.0629049636602733,,,933.962862972457,0.037182836444337,-0.0028299273762409,0.00153617537523455,-0.00472973199036667,TRUE,,0.000920222435304135,TRUE,primary_inferential,all_eligible_classes
130300,1.07307903402858,1.04313308351539,1.12506950308154,Apr,Nov,0.0295763658754858,0.0136865302150963,1,0.148398399903201,0.371129397415884,0.87922108480088,824.732609174622,826.075546900276,unimodal (1 harmonic preferred),Topical local anaesthetics and antipruritics,0.0136829355379452,negbin,NB-LRT,52.5898693899152,4.04932087624943e-10,0.222700665204823,,,625.446576659487,0.0228315818182317,-0.0188010715140919,-0.000837928910571463,-0.0136608559200942,TRUE,,0.0257285967380165,TRUE,primary_inferential,all_eligible_classes
060401,1.06845459312832,1.04874508350181,1.0995555471776,Jul,Feb,0.0331262855081777,0.00237416751302517,1,0.449000562048072,0.334012544190069,0.959490142219019,1120.65774669684,1124.48515507206,unimodal (1 harmonic preferred),Female sex hormones and their modulators,4.03311619917895e-05,negbin,NB-LRT,814.947172104426,2.87464423793485e-06,0.84475308676891,,,1292.55733683938,-0.0217338316329346,-0.0249998270818132,-3.33009674611569e-05,0.00237393395558307,TRUE,,0.000113754559464022,TRUE,primary_inferential,all_eligible_classes
110303,1.06626820342963,1.04582022938871,1.09535064083088,Jan,Oct,0.0204146612873097,0.0179067102488759,2,0.260981951558711,0.242155845942337,0.842288808062544,527.703275094589,522.332156776063,"bimodal (2 harmonics, 2 peaks)",Antivirals,3.73668930488198e-10,poisson,HAC-Wald,1.93751791594003,0.0505968867085177,0.0119588956003684,9.56253675082913,FALSE,,0.0195265574289063,0.00595583331291313,0.0137959084113599,0.0114159179675822,TRUE,,1.44223095977901e-09,TRUE,primary_inferential,all_eligible_classes
050111,1.06525730187415,1.03773264013459,1.10476734869418,Sep,Jun,0.0144428144076523,0.0227655779164201,2,0.489734062150509,0.629158729939001,0.61479271016151,3687.28234563512,3185.76781850101,"bimodal (2 harmonics, 2 peaks)","Metronidazole, tinidazole and ornidazole",0.000754246203189646,poisson,HAC-Wald,63.9057777611424,2.15231746610153e-09,0.000105145622319114,6.44466135019438,FALSE,,-0.00680068774715098,0.0127414886955819,0.00643527669544333,-0.0218370957712255,TRUE,,0.00172848088230961,TRUE,primary_inferential,all_eligible_classes
050201,1.06278130995237,1.0390230011794,1.11189397275055,Aug,Jan,0.0294301222098839,0.00510985580093549,1,0.310267192286928,0.294864642730605,0.557987134750422,889.195218158304,892.832166204695,unimodal (1 harmonic preferred),Triazole antifungals,0.0256031767800988,negbin,NB-LRT,109.307900299948,7.36604147465138e-10,0.247673801160262,,,600.226265443027,-0.0197412940057181,-0.0218268963498822,0.00304141398079314,-0.00410614506609181,TRUE,,0.045794299931884,TRUE,primary_inferential,all_eligible_classes
050108,1.06164934964616,1.04511540449761,1.0976580913471,Nov,Jun,0.0302907324729368,0.00827160421974779,1,0.442339874677269,0.575220513240617,0.343272920056693,954.003159894608,956.030493497383,unimodal (1 harmonic preferred),Sulfonamides and trimethoprim,0.000142650170138692,negbin,NB-LRT,143.833470638384,1.59677421238284e-11,0.0777487990374391,,,1254.45161097265,-0.00633436361030023,0.0296210113162858,0.0028799200974657,-0.00775406323164588,TRUE,,0.000378108884704967,TRUE,primary_inferential,all_eligible_classes
010702,1.06114478779125,1.04920579044978,1.07564758270939,Mar,Jul,0.0238862592988871,0.0119001579469467,2,0.396259552714396,0.432619729358412,0,7599.71559028129,7310.99590039259,"bimodal (2 harmonics, 2 peaks)",Compound haemorrhoidal preparations with corticosteroid,5.47167016471905e-18,poisson,HAC-Wald,166.261693800077,6.09621175962059e-08,6.77756554381404e-05,12,TRUE,,0.021966639520851,0.00938190446842522,-0.000507352678517174,-0.0118893377621245,TRUE,,3.54049245952409e-17,TRUE,primary_inferential,all_eligible_classes
130201,1.06070720781939,1.04798263810189,1.07944910299479,Apr,Oct,0.0296816761727772,0.000607081402600443,1,0.371022740071657,0.429130917921909,0.315645796581369,21733.635300852,21733.3902686063,"unimodal, non-sinusoidal (2 harmonics, 1 peak)",Emollients,6.22769229135326e-19,poisson,HAC-Wald,524.900893976471,1.13922067100976e-07,0.0208916177382322,6.79490526589169,FALSE,,0.0237421331503125,-0.0178132819519155,-0.000106446561377729,0.000597676299475041,TRUE,,4.56697434699239e-18,TRUE,primary_inferential,all_eligible_classes
030200,1.06063173124634,1.04795305869492,1.07347316776753,Dec,Aug,0.0207404787702816,0.0136807923028486,2,0.308739157827141,0.468560371934195,0.527286874665863,69945.235236496,60659.2539271635,"bimodal (2 harmonics, 2 peaks)",Corticosteroids (respiratory),5.7573277320653e-31,poisson,HAC-Wald,1493.48868909051,6.1751064351453e-08,2.3508646621595e-05,2.41823635397516,FALSE,,0.00686060704895206,0.0195729285121151,-0.00555358109539403,0.0125028722720247,TRUE,,5.7573277320653e-30,TRUE,primary_inferential,all_eligible_classes
131001,1.05873025949352,1.03697555739158,1.10548069220085,Apr,Dec,0.0197767869300993,0.0134230167782838,2,0.342757073905462,0.294001133243584,0.354263565108649,10834.7954276708,10356.4551776159,"bimodal (2 harmonics, 2 peaks)",Antibacterial preparations,0.00580638525052312,poisson,HAC-Wald,241.967838391181,2.04058852427985e-09,0.00075193555628672,2.19614645857186,FALSE,,0.00774528907901355,-0.0181970271847096,-0.00520649697037797,-0.012372136789073,TRUE,,0.0117193096799549,TRUE,primary_inferential,all_eligible_classes
010102,1.05810481378546,1.04438516169949,1.08044452939256,Dec,Jul,0.0272441064925918,0.00494351284332969,1,0.210197327884149,0.170648767327944,0.111992777069154,12857.906175856,12660.3212560784,"unimodal, non-sinusoidal (2 harmonics, 1 peak)",Compound alginates and proprietary indigestion preparations,2.50598269871574e-10,poisson,HAC-Wald,298.609412907656,9.13502716141731e-09,0.043290166007456,2.63911578567201,FALSE,,0.0117036234982629,0.0246021652622405,-0.00335112494455887,0.00363431985908243,TRUE,,9.844932030669e-10,TRUE,primary_inferential,all_eligible_classes
010701,1.05708069796606,1.04401540529249,1.07087520299989,Feb,Jun,0.0208719064580871,0.0113729566732182,2,0.392384472743907,0.520727605139631,0.38367808824003,1452.30085605435,1411.3182057167,"bimodal (2 harmonics, 2 peaks)",Soothing haemorrhoidal preparations,4.94540341404628e-21,poisson,HAC-Wald,21.041818068203,1.84528280105449e-08,0.000888378616950791,12,TRUE,,0.00949774678892068,0.0185857279956607,0.00391459822037575,-0.010678017805938,TRUE,,3.88567411103636e-20,TRUE,primary_inferential,all_eligible_classes
050107,1.0557107273192,1.03705309169285,1.08455026476375,Sep,Apr,0.0251266278858295,0.00619625643429891,1,0.25914482890371,0.160976871971582,0.939869897644154,776.583596998768,779.222480992437,unimodal (1 harmonic preferred),Some other antibacterials,0.000839546740036727,negbin,NB-LRT,21.052428662131,2.24915202530082e-09,0.176351249259564,,,1630.67475365834,-0.0232456252306029,0.00953878066375899,0.00462761585123012,-0.00412052973937021,TRUE,,0.00188469676334775,TRUE,primary_inferential,all_eligible_classes
131103,1.05372914958452,1.03290106003562,1.09079237545728,Apr,Jan,0.0200157621502744,0.0124310046874598,2,0.418876091841396,0.507379200132148,0.787014006434016,568.815938725121,566.125602792406,"bimodal (2 harmonics, 2 peaks)",Cationic surfactants and soaps,0.00046960849120984,poisson,HAC-Wald,2.53826137434988,0.00804726731268929,0.0224704167430524,4.98628554784174,FALSE,,0.00864682316670203,-0.0180516809073322,-0.0116538702989687,-0.00432633616290532,TRUE,,0.00112297682680614,TRUE,primary_inferential,all_eligible_classes
130601,1.05165090499525,1.03210614918831,1.10366868763974,Mar,Jun,0.00157978776154079,0.0242803525327693,2,0.523481973569683,0.69414529888835,0.466763419761655,12244.1206748429,10538.8071679581,"bimodal (2 harmonics, 2 peaks)",Topical preparations for acne,0.02627437126806,poisson,HAC-Wald,245.449823277632,6.05684135286238e-10,5.83686527465543e-05,2.29095367680766,FALSE,,0.000261508250646653,0.00155799319843117,0.000678904927367528,-0.0242708592187247,TRUE,,0.0462428934317855,TRUE,primary_inferential,all_eligible_classes
100302,1.04726545392499,1.04274836631905,1.05880592149483,Sep,Jan,0.0210560578954192,0.00930419994832073,2,0.241905505996625,0.430407893150585,0.365596266521096,24164.3968945799,22960.7329076844,"bimodal (2 harmonics, 2 peaks)","Rubefacients, topical NSAIDs, capsaicin and poultices",6.37851271027404e-61,poisson,HAC-Wald,553.365984999553,2.20556100441986e-09,0.000931370124331754,12,TRUE,,-0.0101345220774591,-0.0184566799928032,-0.00727889414127935,-0.00579532887404853,TRUE,,1.55919199584476e-59,TRUE,primary_inferential,all_eligible_classes
040400,1.04618558560338,1.02561037237576,1.07951761496973,Apr,Aug,0.0165557468006163,0.00985830634558953,2,0.508086522428926,0.619037817300848,0.986152265123679,11973.3093728092,11449.330299121,"bimodal (2 harmonics, 2 peaks)",CNS stimulants and drugs used for ADHD,0.0132844812609864,poisson,HAC-Wald,267.527991524233,7.06302694166356e-08,0.00109419544351286,0.428009301684846,FALSE,,0.0162534949447581,-0.00314907195961597,-0.00981431657822896,0.000930265610345289,TRUE,,0.0251947058398018,TRUE,primary_inferential,all_eligible_classes
021100,1.04577568621727,1.03435168137662,1.06094872015284,Aug,Dec,0.0166057888690145,0.00966689363479581,2,0.565907095937675,0.482978901202332,0.811697622054817,4499.1256952703,4396.20846007596,"bimodal (2 harmonics, 2 peaks)",Antifibrinolytic drugs and haemostatics,2.22165544729278e-12,poisson,HAC-Wald,93.6335500222702,7.98493197150995e-08,7.18379570274763e-08,12,TRUE,,-0.00540741220264086,-0.0157007043546784,0.0034217287118259,-0.00904105110975057,TRUE,,1.08614266312091e-11,TRUE,primary_inferential,all_eligible_classes
070301,1.04174213079212,1.02917460295667,1.06178354522735,Jul,Nov,0.0153715113910998,0.00909329556769418,2,0.430015356409694,0.484460208753694,0.968548160700816,10682.2646850936,10253.3686181359,"bimodal (2 harmonics, 2 peaks)",Combined hormonal contraceptives and systems,2.88416887699489e-09,poisson,HAC-Wald,237.423273141459,1.00387149259626e-06,7.78582055508403e-05,3.4878455781987,FALSE,,0.000754647320093803,-0.0153529759287568,0.00825743854519052,0.00380824539044539,TRUE,,9.91433051466992e-09,TRUE,primary_inferential,all_eligible_classes
130101,1.03645774577929,1.02640005300387,1.05982015394191,May,Oct,0.0182043824148398,0.000672548313449191,1,0.229901189363925,0.262900480297011,0.949788251089156,612.656563483338,616.621924273393,unimodal (1 harmonic preferred),Management of skin conditions,0.000151323203843561,poisson,HAC-Wald,3.10995416390176,0.000317614801972554,0.049726358185212,0.0653582053621488,FALSE,,0.0129364696838833,-0.0128080947538538,-0.000203074416816209,0.000641156778922369,TRUE,,0.000391660057006864,TRUE,primary_inferential,all_eligible_classes
020202,1.03375290032409,1.02589008093811,1.05022507280798,Jul,Feb,0.0153794402349237,0.00423458615130705,1,0.013907537451861,0,0,29073.4654507635,28610.6194956975,"unimodal, non-sinusoidal (2 harmonics, 1 peak)",Loop diuretics,8.97518325563555e-40,poisson,HAC-Wald,693.989926074835,6.05289231166321e-09,3.39026444584611e-06,7.9933105814911,FALSE,,-0.0082375664536227,-0.0129872892037461,0.000523674924700995,0.00420208096615009,TRUE,,1.23408769764989e-38,TRUE,primary_inferential,all_eligible_classes
040101,1.03352114560113,1.02651178505943,1.05056597227841,Feb,Jun,0.0149580412365773,0.00430850373192157,1,0.0676321112823274,0.311275379652292,0.297562450568227,20002.8316794267,19722.393666296,"unimodal, non-sinusoidal (2 harmonics, 1 peak)",Hypnotics,1.69854137489337e-13,poisson,HAC-Wald,472.918410769901,6.04067089015593e-10,0.00238220299267633,6.16070597689011,FALSE,,0.00533481655875218,0.0139743597320096,0.00161403807358192,-0.00399475725232586,TRUE,,8.49270687446684e-13,TRUE,primary_inferential,all_eligible_classes
020702,1.03192821834003,1.0193263652331,1.0525625372158,Nov,Apr,0.0141500870897315,0.00438499830650175,1,-0.100240963619263,0.159992798952065,0.987845693238957,1145.63624303905,1140.16076914136,"unimodal, non-sinusoidal (2 harmonics, 1 peak)",Vasoconstrictor sympathomimetics,7.99350184640877e-06,poisson,HAC-Wald,13.9943851812449,5.08979739611761e-08,0.000443605232850364,4.77844402169635,FALSE,,-0.0111992335254133,0.00864882264185392,0.000773934420697456,0.00431615982795852,TRUE,,2.31390842922359e-05,TRUE,primary_inferential,all_eligible_classes
130900,1.02727533882509,1.01631293223625,1.04773688696678,Sep,Jan,0.00734140852230701,0.00912656225706222,2,0.23480793593037,0.359271187067991,0.311684256743962,6816.37681511906,6609.70101898924,"bimodal (2 harmonics, 2 peaks)",Shampoo and other preparations for scalp and hair conditions,0.00233927342355974,poisson,HAC-Wald,147.777404226208,3.59397775497598e-07,9.29037958017354e-05,12,TRUE,,-0.00464827271901472,-0.00568241496382176,-0.00680409373466411,-0.00608263487988037,TRUE,,0.00494846301137637,TRUE,primary_inferential,all_eligible_classes
090502,1.02660219711004,1.01728222585542,1.05093413755117,Sep,Mar,0.013127629925621,0.00200365035421516,1,0.0662058951287843,0.318678093379134,0.784147130810141,1015.39715486263,1017.78477159696,unimodal (1 harmonic preferred),Phosphorus,0.00827047818432251,poisson,HAC-Wald,11.1690018320609,1.72667511374622e-08,0.0105505154134562,5.46035188332304,FALSE,,-0.0131272556614979,9.91275023937447e-05,0.00100370964971501,0.00173412274104676,TRUE,,0.016540956368645,TRUE,primary_inferential,all_eligible_classes
070302,1.02616098975948,1.01479301559267,1.04461721754177,Feb,Oct,0.00806212646983437,0.00742734173357188,2,0.421258460441727,0.382109499501418,0.856312557506091,17578.350940342,17140.9382779549,"bimodal (2 harmonics, 2 peaks)",Progestogen-only contraceptives,0.000148250541168724,poisson,HAC-Wald,408.303679268353,3.41112842924092e-08,7.7228156784015e-06,12,TRUE,,0.00751503893967631,-0.00291925897288211,0.00739482653515964,0.000694223121307152,TRUE,,0.000388275226870467,TRUE,primary_inferential,all_eligible_classes
020204,1.02610941405281,1.01401839556431,1.0436599831977,Oct,Feb,0.0104520010490556,0.00473718525971871,1,-0.113141267869141,0.165053937012783,0.982105800294262,1139.76174459182,1133.41776256829,"unimodal, non-sinusoidal (2 harmonics, 1 peak)",Potassium sparing diuretics and compounds,0.00566574784917059,poisson,HAC-Wald,13.8408039114845,1.12935033457223e-08,0.000260360712749597,3.04122407367291,FALSE,,-0.0104511796627957,-0.000131032764699371,-0.00442966697701822,0.00167898024336515,TRUE,,0.0115413382112734,TRUE,primary_inferential,all_eligible_classes
030302,1.02539112422676,1.01957509219165,1.03470799887153,Dec,Sep,0.00523456553777845,0.00960031689078334,2,0.00815062714463113,0,0.775215574349717,11806.291935989,10968.165609084,"bimodal (2 harmonics, 2 peaks)",Leukotriene receptor antagonists,6.34507337576277e-11,poisson,HAC-Wald,255.63399131764,4.11949195258474e-08,5.03942023070136e-05,6.6951112169444,FALSE,,0.00492020260430411,0.0017866960295184,-0.00279773813308905,0.00918361289156502,TRUE,,2.73709047581924e-10,TRUE,primary_inferential,all_eligible_classes
050401,1.02528464609315,1.01880445466662,1.04286779262699,Sep,Mar,0.0125265732518308,0.00230757755525803,1,-0.0829965604781347,0.172061074136175,0.904467943482227,5577.88926526807,5558.33165845639,"unimodal, non-sinusoidal (2 harmonics, 1 peak)",Antimalarials,1.67602927127914e-14,poisson,HAC-Wald,121.383500547767,3.23352174328377e-10,1.32594124215846e-05,12,TRUE,,-0.0124851387717003,-0.00101801143651227,-5.58340158441927e-05,0.00230690197802276,TRUE,,8.77920094479552e-14,TRUE,primary_inferential,all_eligible_classes
030700,1.02491423759012,1.01979567719989,1.03508726302474,Dec,Aug,0.00924979046262564,0.00551571579299102,2,-0.15159059234646,0,0.928117763951173,9663.55547020429,9435.23770621367,"bimodal (2 harmonics, 2 peaks)",Mucolytics,5.04876995373256e-17,poisson,HAC-Wald,217.327656334888,1.31249783449984e-08,6.26190559072093e-07,10.4374999117916,FALSE,,0.00265065280573985,0.00886186567862003,-0.00103097012462219,0.00541850729548158,TRUE,,3.00197132384098e-16,TRUE,primary_inferential,all_eligible_classes
100101,1.02477521319937,1.02096661863443,1.04349050642466,Apr,Dec,0.00988193965955266,0.00677678697421785,2,0.106715431276928,0.0735940328769534,0.13122877288036,32968.037575995,31994.8931455819,"bimodal (2 harmonics, 2 peaks)",Non-steroidal anti-inflammatory drugs,1.31801598012689e-10,poisson,HAC-Wald,779.271076987878,8.64480015981839e-09,0.00517067140937011,7.99846743914059,FALSE,,-0.00203942529866359,-0.00966920244312894,-0.00327772691015489,-0.00593138668410476,TRUE,,5.27206392050756e-10,TRUE,primary_inferential,all_eligible_classes
090101,1.02389057280009,1.01874212938708,1.04177698712704,Jul,Feb,0.0118602684151217,0.00192816615935765,1,0.0695082622932048,0,0.701443614100549,22496.6978951172,22434.9642268117,"unimodal, non-sinusoidal (2 harmonics, 1 peak)",Iron-deficiency anaemias,7.62360384044771e-16,poisson,HAC-Wald,540.682469202911,5.03201323460775e-08,0.000860611568811898,12,TRUE,,-0.00717278781359187,-0.00944547944044776,-0.00170062330699163,0.000908683171302784,TRUE,,4.30049447409871e-15,TRUE,primary_inferential,all_eligible_classes
010402,1.02353930826184,1.01578301656906,1.0408407263631,Jul,Mar,0.0110193293282716,0.00275840984983436,1,-0.0942521711078125,0.170734064722425,0.0598077440707957,4391.55390503847,4369.97599690954,"unimodal, non-sinusoidal (2 harmonics, 1 peak)",Antimotility drugs,7.14324568042185e-07,poisson,HAC-Wald,92.1352552287555,2.97049272361889e-08,0.000239985382907926,5.04255266768532,FALSE,,-0.010222386030697,-0.0041144188756514,0.000295565349565563,0.00274252912907036,TRUE,,2.18265840235112e-06,TRUE,primary_inferential,all_eligible_classes
010301,1.02347962441552,1.01616892689336,1.03703180485835,Nov,Apr,0.0104669792955486,0.00394679175653331,1,-0.0819599250888278,0,0.99380950664047,7502.3938048306,7412.91739580313,"unimodal, non-sinusoidal (2 harmonics, 1 peak)",H2-receptor antagonists,1.83653576003551e-06,poisson,HAC-Wald,167.286314495114,4.9081805097146e-07,1.75915624779366e-05,6.78293563018824,FALSE,,-0.005019852476676,0.00918470123008102,-0.00105044020204646,0.00380443695589293,TRUE,,5.45997117848395e-06,TRUE,primary_inferential,all_eligible_classes
090604,1.02339307954381,1.01758537984543,1.03927426400157,Apr,Aug,0.0102368167937347,0.00375730677274676,1,-0.0806729570531935,0,0.551759224028088,59777.2887837242,59012.0345737796,"unimodal, non-sinusoidal (2 harmonics, 1 peak)",Vitamin D,1.01333173532885e-19,poisson,HAC-Wald,1451.40762486552,2.87394048057109e-09,2.21472252888155e-05,12,TRUE,,0.00977646059726649,0.00303533132599793,-0.00357398792578098,0.00115929482483984,TRUE,,7.68734419904648e-19,TRUE,primary_inferential,all_eligible_classes
041100,1.02258998713536,1.01368902232101,1.04131118975593,Nov,Mar,0.00835029438564898,0.0050082442286299,2,-0.113830090906812,0,0.813876956288283,10121.5994594682,9906.29025592139,"bimodal (2 harmonics, 2 peaks)",Dementia,7.76399689638637e-11,poisson,HAC-Wald,228.983402595072,3.95875677557092e-09,2.55230781178728e-05,12,TRUE,,-0.00567474625304101,0.00612573842818953,-0.00164868681803502,0.00472909526544372,TRUE,,3.28476791770192e-10,TRUE,primary_inferential,all_eligible_classes
060301,1.02252053409987,1.01585753025035,1.04034092177908,Dec,Apr,0.00993966894007076,0.00294299843518436,1,-0.131453482195766,0,0.855164973944116,2015.587297559,2008.21664039553,"unimodal, non-sinusoidal (2 harmonics, 1 peak)",Replacement therapy,2.76736407632453e-09,poisson,HAC-Wald,34.4264962173639,4.18470028663753e-07,2.20377283504103e-05,7.94020967234257,FALSE,,-0.00486369819530118,0.00866841730093974,0.00113519089303933,0.00271524979069296,TRUE,,9.66381106018091e-09,TRUE,primary_inferential,all_eligible_classes
030102,1.02235408048233,1.01487000212454,1.03557893488086,Dec,Aug,0.00698025801924787,0.0064722345742028,2,-0.10492779973202,0.183573288574104,0.983198449414333,7690.81103815153,7434.21976940419,"bimodal (2 harmonics, 2 peaks)",Antimuscarinic bronchodilators,2.96069984013973e-05,poisson,HAC-Wald,167.843927937038,1.62954793604373e-09,1.4111074223333e-05,4.69235631401784,FALSE,,0.000543773848917904,0.00695904533801204,-0.003490233209143,0.00545051305193388,TRUE,,8.45914240039922e-05,TRUE,primary_inferential,all_eligible_classes
060101,1.02206462780662,1.01487842531185,1.04193964121078,Dec,Sep,0.000750079504841067,0.0106574137114729,2,-0.0561350519550443,0.196785752573792,0.538104523953538,21561.1900081358,19677.1638762616,"bimodal (2 harmonics, 2 peaks)",Insulin,0.0122214433430715,poisson,HAC-Wald,472.188058871455,2.12706377405479e-08,0.000371239659695766,0.99475047165539,FALSE,,0.000479251418288102,0.000577007228422194,-0.00239753080969366,0.0103842338684209,TRUE,,0.0233801524823976,TRUE,primary_inferential,all_eligible_classes
040600,1.02096562944966,1.01590401144352,1.03529434522805,Oct,May,0.0095054209000833,0.00283802913576906,1,-0.0496867833658257,0.134301681949865,0.0448537200746778,15713.5771069339,15619.7587501215,"unimodal, non-sinusoidal (2 harmonics, 1 peak)",Drugs used in nausea and vertigo,1.2220327258123e-09,poisson,HAC-Wald,371.456519866835,4.56112654844164e-10,0.000386186964706159,10.4630984938967,FALSE,,-0.00605149208261674,0.0073302435199499,0.00139929713856225,-0.00246908422162663,TRUE,,4.48078666131178e-09,TRUE,primary_inferential,all_eligible_classes
100104,1.02044184749692,1.01312108171853,1.0395177262423,Jul,Mar,0.00884939161482843,0.00301462555091954,1,-0.137982511307021,0,0.587319421128507,16554.9657384965,16417.7521706933,"unimodal, non-sinusoidal (2 harmonics, 1 peak)",Gout and cytotoxic induced hyperuicaemia,1.74737645145244e-17,poisson,HAC-Wald,390.948239585185,1.6558940523052e-09,1.30232442853151e-05,9.45251300896848,FALSE,,-0.00662761086021794,-0.00586400087296352,0.00138528843965597,0.00267748821682048,TRUE,,1.06784116477649e-16,TRUE,primary_inferential,all_eligible_classes
041003,1.02012865418403,1.01324480825944,1.03647859313915,May,Sep,0.00326322810153538,0.00888069942431611,2,-0.0386765235823836,0.121506455807796,0.686275949837892,8576.80492964259,8179.09930633581,"bimodal (2 harmonics, 2 peaks)",Opioid dependence,0.000749160458366208,poisson,HAC-Wald,186.092704510777,1.35266514743479e-06,1.9812397316743e-05,5.00872620198166,FALSE,,0.00324318509955644,0.000361120551430236,-0.00424065145335581,0.00780280062004661,TRUE,,0.00172848088230961,TRUE,primary_inferential,all_eligible_classes
040901,1.01947039377201,1.01085411334368,1.03399826878263,Nov,Mar,0.00639231456597328,0.00481390181676798,2,-0.16908108186787,0,0,9360.53841469075,9169.41548624015,"bimodal (2 harmonics, 2 peaks)",Dopaminergic drugs used in parkinsonism,0.000140706640403457,poisson,HAC-Wald,210.725336888815,3.97078843312711e-09,8.67561475026424e-06,6.95720167031546,FALSE,,-0.00499148242729375,0.00399334304666803,-0.00243662092772877,0.00415168991568931,TRUE,,0.000377505620594641,TRUE,primary_inferential,all_eligible_classes
020602,1.01930568918908,1.01464581721869,1.02995888021227,Apr,Aug,0.00804089345556399,0.00354016572835966,1,-0.130921732416428,0,0.746153576619127,97196.2276704862,95982.936868905,"unimodal, non-sinusoidal (2 harmonics, 1 peak)",Calcium-channel blockers,5.8360382703724e-15,poisson,HAC-Wald,2372.39984033282,4.59202721869932e-09,1.12094790960526e-06,9.22195792132245,FALSE,,0.00801339916892737,0.000664380405465101,-0.00302651869021449,0.00183656146154563,TRUE,,3.20982104870482e-14,TRUE,primary_inferential,all_eligible_classes
040202,1.01756906136455,1.01272943771035,1.03691899264766,Jan,Aug,0.00851946755053125,0.00261067288092901,1,0.103335665215777,0.170363632686314,0.661545549268495,871.304444962989,873.898476466723,unimodal (1 harmonic preferred),Antipsychotic depot injections,8.36753707113196e-05,poisson,HAC-Wald,8.32432628993078,3.78519213569073e-07,3.0644938768476e-05,12,TRUE,,0.00498012151091599,0.00691228739861609,0.00233322898577458,0.00117117692564339,TRUE,,0.000230107269456129,TRUE,primary_inferential,all_eligible_classes
041001,1.01731413017998,1.01065863104029,1.03813151831791,Dec,Mar,0.00668184410230364,0.00447378973964083,2,-0.102928618540726,0,0.712484602063164,899.270627349748,896.435563522593,"bimodal (2 harmonics, 2 peaks)",Alcohol dependence,0.0107889859139088,poisson,HAC-Wald,8.28857136356974,1.26167133770521e-08,0.00120292205906369,7.40500533620904,FALSE,,-0.00257295015995602,0.00616660101529783,-0.00150457675742373,0.0042131987154104,TRUE,,0.0211926509023209,TRUE,primary_inferential,all_eligible_classes
060106,1.01686403333709,1.01393519948191,1.03249294197964,Jul,Dec,0.00753868187814692,0.00320175508637057,1,-0.0678994439337191,0.115139776827084,0.875861626857746,14844.1251212344,14723.5403676116,"unimodal, non-sinusoidal (2 harmonics, 1 peak)",Diabetic diagnostic and monitoring agents,3.47872522894322e-08,poisson,HAC-Wald,348.81606997778,4.98968270765032e-09,0.000495532161956414,12,TRUE,,-0.00430538883396519,-0.00618832379956549,0.00314533402386831,-0.000598422519125231,TRUE,,1.14226798562315e-07,TRUE,primary_inferential,all_eligible_classes
090607,1.01627019643385,1.01127636235565,1.02998158124787,Dec,Jul,0.00731219556770752,0.00267911000323549,1,-0.094134522174069,0,0.70239323666325,3626.92267704726,3612.63948427062,"unimodal, non-sinusoidal (2 harmonics, 1 peak)",Multivitamin preparations,0.000974476054449763,poisson,HAC-Wald,73.4731587452144,4.65946428249294e-07,0.000229071258164182,12,TRUE,,0.000201530645623886,0.00730941785775556,-0.00148113652317984,0.00223245716848928,TRUE,,0.00214384731978948,TRUE,primary_inferential,all_eligible_classes
040701,1.01598845583891,1.01152655164514,1.02964015469653,Nov,Aug,0.00520762644203581,0.00427407363429851,2,-0.169834602412142,0,0.209552044084068,74880.5567647465,73718.7555216925,"bimodal (2 harmonics, 2 peaks)",Non-opioid analgesics and compound preparations,2.87719695746866e-06,poisson,HAC-Wald,1817.33377929481,3.70719922794127e-09,8.02114249620622e-06,12,TRUE,,0.000754409542715705,0.00515269244198119,-0.00366829633188229,0.00219346927329848,TRUE,,8.43977774190808e-06,TRUE,primary_inferential,all_eligible_classes
020203,1.01576509041015,1.00654513551881,1.03352998801124,Nov,Mar,0.00524940183491269,0.0038494578912568,2,-0.192994585293559,0,0.947670962218927,10883.6889048275,10734.5663276992,"bimodal (2 harmonics, 2 peaks)",Potassium-sparing diuretics and aldosterone antagonists,0.0112953821489494,poisson,HAC-Wald,249.507951787082,1.19314102895751e-08,1.1859492103361e-05,12,TRUE,,-0.00490775052499768,0.00186284846640023,-0.00189611840076887,0.00335008374027053,TRUE,,0.0219910094935298,TRUE,primary_inferential,all_eligible_classes
060402,1.01565335607107,1.01260034557079,1.0295307828369,Nov,Jul,0.00546767535383722,0.00437256912558555,2,-0.170492855087754,0,0.644361509061214,11486.6455298385,11296.9284017452,"bimodal (2 harmonics, 2 peaks)",Male sex hormones and antagonists,2.04934035000003e-07,poisson,HAC-Wald,263.700545134648,7.74577755369309e-10,5.57225493535984e-06,12,TRUE,,-0.00236701829027735,0.00492876233840216,-0.00403870322448047,0.00167577952684564,TRUE,,6.44078395714296e-07,TRUE,primary_inferential,all_eligible_classes
070401,1.01500830899706,1.01136409916274,1.02791064060116,Nov,Aug,0.00509361238530996,0.00402435745979956,2,-0.18219368112526,0,0.707742191123318,21301.4387859011,20994.3538083551,"bimodal (2 harmonics, 2 peaks)",Drugs for urinary retention,1.34839814828667e-07,poisson,HAC-Wald,504.717795027916,8.21736777376344e-10,2.44767751933495e-06,12,TRUE,,-0.000263963842529474,0.00508676815095991,-0.00342042528580261,0.00212041124041693,TRUE,,4.29924047279809e-07,TRUE,primary_inferential,all_eligible_classes
040301,1.01493614997879,1.0118209073141,1.03276071736736,Nov,Jul,0.0062219598107089,0.00325842242380422,2,-0.14969543901729,0,0.152561112982555,40390.7128463274,40003.8471578006,"bimodal (2 harmonics, 2 peaks)",Tricyclic and related antidepressant drugs,1.61266541693797e-09,poisson,HAC-Wald,977.896344540353,2.19012058080782e-09,1.35377079262256e-05,12,TRUE,,0.00319788493321807,0.00533725733312285,-0.00322236691429331,0.000483392347496288,TRUE,,5.81617035616975e-09,TRUE,primary_inferential,all_eligible_classes
020504,1.01457809332242,1.00981171025284,1.02499961370823,Apr,Aug,0.00508835530234379,0.00358055254622037,2,-0.160263950807901,0,0.584890257535863,15404.2935382094,15225.0163615958,"bimodal (2 harmonics, 2 peaks)",Alpha-adrenoceptor blocking drugs,0.000461930918456262,poisson,HAC-Wald,360.978570545003,1.54531648504556e-08,1.01505802718727e-06,6.31964522237428,FALSE,,0.00507495874060656,-0.000368989788518928,-0.00328094768637928,0.00143378478701916,TRUE,,0.00111675606659756,TRUE,primary_inferential,all_eligible_classes
040304,1.01288972022818,1.01060582631024,1.0283505047428,Dec,Jul,0.00562745439222722,0.00202150826910158,1,-0.16894939444425,0,0.818154796939289,50719.6017747192,50539.5265176801,"unimodal, non-sinusoidal (2 harmonics, 1 peak)",Other antidepressant drugs,9.35834179402458e-09,poisson,HAC-Wald,1240.32564086743,7.54526231247383e-10,7.02198262503284e-06,12,TRUE,,0.0020871302619621,0.00522610086069906,-0.00184140899576482,0.00083409147721486,TRUE,,3.16743876105447e-08,TRUE,primary_inferential,all_eligible_classes
020802,1.01270206899175,1.00710259813776,1.0296092087247,Nov,Mar,0.00378829478653313,0.00379635249279243,2,-0.180875881892964,0,0.562270969089115,44633.6554891456,44039.3638950553,"bimodal (2 harmonics, 2 peaks)",Oral anticoagulants,0.00256231131960187,poisson,HAC-Wald,1077.82400747865,2.83578684983076e-09,2.04285443494712e-06,8.44775966337021,FALSE,,-0.0023638105302847,0.00296033396200316,-0.00233348694601218,0.00299451680949065,TRUE,,0.00531800462558879,TRUE,primary_inferential,all_eligible_classes
020201,1.01233474474282,1.0082796936711,1.02529115425913,May,Sep,0.00465754097125597,0.00352123233921363,2,-0.16507758621466,0,0.716785894536586,23782.3866727563,23509.0543818529,"bimodal (2 harmonics, 2 peaks)",Thiazides and related diuretics,0.000855428384835323,poisson,HAC-Wald,566.578500832232,1.29925000787673e-08,1.26536039946057e-06,7.17122296055312,FALSE,,0.00216859940559384,-0.00412187633450908,-0.00295139481057943,0.00192050666721278,TRUE,,0.00190095196630072,TRUE,primary_inferential,all_eligible_classes
020101,1.01221515944186,1.00848284823188,1.03031198508485,Nov,Mar,0.00352224685215636,0.00401183818941698,2,-0.173652005447403,0,0.244072593948266,6223.55833275688,6147.48083480142,"bimodal (2 harmonics, 2 peaks)",Cardiac glycosides,0.000313377938621427,poisson,HAC-Wald,135.959680294218,2.46298232616701e-09,1.20448498509562e-05,12,TRUE,,-0.00182929731612994,0.00300996581653765,-0.00269740592196724,0.00296965434860702,TRUE,,0.000783444846553568,TRUE,primary_inferential,all_eligible_classes
040203,1.01170457740327,1.00794938812255,1.03139974092242,Dec,Aug,0.00414800998572662,0.00310187256500282,2,-0.185829622944757,0.116300777798015,0.730890149519297,3310.08659152245,3289.18331905764,"bimodal (2 harmonics, 2 peaks)",Drugs used for mania and hypomania,0.0186743021506259,poisson,HAC-Wald,65.5265195378239,1.36213547214075e-09,6.73392871752832e-06,12,TRUE,,5.40719420223034e-05,0.00414765753971729,-0.00144216154128742,0.00274623078024202,TRUE,,0.0342362206094809,TRUE,primary_inferential,all_eligible_classes
010602,1.01170247044269,1.00673635633531,1.02999484302868,Nov,Mar,0.00508738276076298,0.00173068741320473,1,-0.171024283535772,0,0.755003617794823,19798.6900744867,19752.5292096363,"unimodal, non-sinusoidal (2 harmonics, 1 peak)",Stimulant laxatives,0.0238292891667736,poisson,HAC-Wald,473.647822245983,1.50972707235156e-09,1.75157045148033e-05,12,TRUE,,-0.00435836905282485,0.00262413462952779,-0.000313197231446277,0.00170211233954745,TRUE,,0.0429708493171327,TRUE,primary_inferential,all_eligible_classes
020603,1.0114108196962,1.00745278096814,1.03194972535966,Nov,Mar,0.0040173447539117,0.00342203551894331,2,-0.185469203219982,0,0.601517528126029,5861.02809234987,5807.54390824254,"bimodal (2 harmonics, 2 peaks)",Other antianginal drugs,0.0173794273800802,poisson,HAC-Wald,127.450222540032,2.92618033365851e-08,1.24190381699529e-05,6.92941516359883,FALSE,,-0.00151343699237564,0.0037213663272904,-0.00215616450212777,0.00265730723339882,TRUE,,0.0321300338119129,TRUE,primary_inferential,all_eligible_classes
040201,1.01097969769691,1.00810856418611,1.02822427982123,Dec,Apr,0.00482992338189426,0.00249989168423782,2,-0.175339502815518,0,0.0038267338221718,24507.8808179155,24365.7785456216,"bimodal (2 harmonics, 2 peaks)",Antipsychotic drugs,0.00144151800343203,poisson,HAC-Wald,588.58184676975,5.58030716626044e-09,9.77948630731529e-06,12,TRUE,,-0.000849565794627635,0.00475461857939915,-0.000654532273189213,0.00241268438389176,TRUE,,0.00313994020549551,TRUE,primary_inferential,all_eligible_classes
030104,1.0096170358996,1.00732401880481,1.02509354937785,Dec,Aug,0.0030307986038706,0.0027095621832104,2,-0.225634307326451,0,0.863873258783213,4698.65880456661,4674.47643000887,"bimodal (2 harmonics, 2 peaks)",Compound bronchodilator preparations,0.000802385261076942,poisson,HAC-Wald,99.6519957210642,9.79772220760402e-09,2.4124583356544e-06,12,TRUE,,0.00229475375317356,0.00197985994189484,-0.00176099751151069,0.00205927535534641,TRUE,,0.00181984286017451,TRUE,primary_inferential,all_eligible_classes
020900,1.00957486023171,1.0073050040662,1.02490343751761,Nov,Feb,0.00314649621806789,0.00309190985939753,2,-0.204672268137736,0,0,64029.1197234642,63430.1007097172,"bimodal (2 harmonics, 2 peaks)",Antiplatelet drugs,0.000157354033672946,poisson,HAC-Wald,1560.20688480403,1.49056673614641e-09,1.37773193364943e-06,12,TRUE,,-0.00175103727339305,0.00261425073730577,-0.00272711279893657,0.00145697026754701,TRUE,,0.000402533574512188,TRUE,primary_inferential,all_eligible_classes
080304,1.00943879094567,1.00702490059751,1.02676669812151,Dec,Aug,0.00319257631571378,0.00294258380280488,2,-0.190205652501268,0,0,6612.92999254579,6561.14557388003,"bimodal (2 harmonics, 2 peaks)",Hormone antagonists,0.00158283323275061,poisson,HAC-Wald,145.829978183278,4.80418564047754e-08,9.41992282802451e-05,12,TRUE,,-0.000114423616401059,0.00319052515546677,-0.000382722037766019,0.00291758860676722,TRUE,,0.00341395403142288,TRUE,primary_inferential,all_eligible_classes
040303,1.00939274443851,1.00728267558577,1.02491088489381,Dec,Aug,0.00382045334541602,0.00177390086406225,1,-0.146780195258911,0,0.11715882302315,100032.801378792,99746.9063296277,"unimodal, non-sinusoidal (2 harmonics, 1 peak)",Selective serotonin re-uptake inhibitors,0.000137584648109713,poisson,HAC-Wald,2467.59062727718,2.25553351291853e-09,3.93863201723077e-05,12,TRUE,,0.00226753717051085,0.00307475835552196,-0.00146203697653281,0.00100457560928563,TRUE,,0.000373686698569591,TRUE,primary_inferential,all_eligible_classes
040801,1.00939063000068,1.00552146711073,1.02790689465649,Nov,Mar,0.0021821325996467,0.00366639813456295,2,-0.192453993425963,0,0.189462322141747,68630.0966387413,67786.026618491,"bimodal (2 harmonics, 2 peaks)",Control of epilepsy,0.0261655344583563,poisson,HAC-Wald,1669.21112065074,4.83129045570635e-09,1.5146412634115e-06,12,TRUE,,-0.000834631058214197,0.00201620774701049,-0.00190421587666223,0.00313311940024541,TRUE,,0.0462428934317855,TRUE,primary_inferential,all_eligible_classes
020400,1.00934822734997,1.00644184986293,1.0238266768889,Nov,Aug,0.00247275572083756,0.00303790714440992,2,-0.195952911051978,0,0.285424723566371,88991.2993157414,88219.0658885635,"bimodal (2 harmonics, 2 peaks)",Beta-adrenoceptor blocking drugs,0.0039421748193935,poisson,HAC-Wald,2178.09775361402,2.74689417541064e-09,2.8756536436525e-06,10.3992226463978,FALSE,,-0.000317696562804122,0.00245226216969502,-0.00268788008061858,0.00141569081732937,TRUE,,0.0081054061707156,TRUE,primary_inferential,all_eligible_classes
090602,1.00922957192533,1.00641878715945,1.02891197270798,Nov,Apr,0.00440276978417732,0.000933962121211856,1,-0.185552117076293,0,0.16993126283074,9741.90712357477,9738.07034946922,"unimodal, non-sinusoidal (2 harmonics, 1 peak)",Vitamin B group,0.011631500313391,poisson,HAC-Wald,224.657974611356,6.64689088933798e-09,8.13301396918043e-06,12,TRUE,,-0.00333637852816495,0.00287279656245698,-0.000612183248599674,0.000705348788892772,TRUE,,0.0224467549907545,TRUE,primary_inferential,all_eligible_classes
020505,1.00888460601857,1.00584861373764,1.02201437501856,May,Aug,0.00179679049374903,0.00339793011027957,2,-0.195297148183903,0,0.532472057535035,136437.614368424,134849.701310254,"bimodal (2 harmonics, 2 peaks)",Renin-angiotensin system drugs,0.00841089911301362,poisson,HAC-Wald,3340.4586394788,4.55529346289539e-09,1.7619640987343e-06,10.4092918218958,FALSE,,0.00171300885482816,0.000542269989679653,-0.00262420986734398,0.00215857629155863,TRUE,,0.0166702504942612,TRUE,primary_inferential,all_eligible_classes
021200,1.00690270501334,1.00520867616395,1.02223962308883,Nov,Aug,0.00218719364065216,0.00193539186462211,2,-0.226204965530474,0,0.893473795200036,182142.056096688,181466.873895443,"bimodal (2 harmonics, 2 peaks)",Lipid-regulating drugs,0.016305886954498,poisson,HAC-Wald,4501.68414231575,3.71695416640828e-09,1.02264915469164e-06,12,TRUE,,0.00100811799174715,0.00194100853589698,-0.0015938418853677,0.00109791152380006,TRUE,,0.0304008061863522,TRUE,primary_inferential,all_eligible_classes
