bnf_class_code,bnf_class_name,inference_scope,multiplicity_family,peak_trough_ratio,ptr_lci,ptr_uci,peak_month,trough_month,modality,n_peaks,seasonal_reproducibility,stl_seasonal_strength,stl_trend_strength,distribution,route,hac_capped,class_q_bh,class_significant,meaningful
050304,Influenza,primary_inferential,all_eligible_classes,158.006,59.885,431.964,Jan,Aug,"unimodal, non-sinusoidal (2 harmonics, 1 peak)",1,0.766,0.72,0.431,poisson,HAC-Wald,FALSE,1.28759388270775e-68,TRUE,TRUE
140400,Vaccines and antisera,primary_inferential,all_eligible_classes,60.087,23.871,163.598,Oct,Jun,"bimodal (2 harmonics, 2 peaks)",2,0.858,0.861,0,poisson,HAC-Wald,FALSE,5.01709265504371e-74,TRUE,TRUE
030902,Expectorant and demulcent cough preparations,primary_inferential,all_eligible_classes,2.141,1.96,2.35,Dec,Aug,"unimodal, non-sinusoidal (2 harmonics, 1 peak)",1,0.918,0.882,0.536,poisson,HAC-Wald,FALSE,7.19264838400822e-140,TRUE,TRUE
110402,Other anti-inflammatory preparations,primary_inferential,all_eligible_classes,1.981,1.884,2.125,Jun,Jan,"unimodal, non-sinusoidal (2 harmonics, 1 peak)",1,0.971,0.962,0.206,poisson,HAC-Wald,FALSE,7.18501992677657e-144,TRUE,TRUE
050103,Tetracyclines,primary_inferential,all_eligible_classes,1.601,1.46,1.777,Dec,Aug,"unimodal, non-sinusoidal (2 harmonics, 1 peak)",1,0.857,0.825,0.357,poisson,HAC-Wald,FALSE,3.22372888099791e-88,TRUE,TRUE
030403,Allergic emergencies,primary_inferential,all_eligible_classes,1.583,1.425,1.801,Aug,Dec,"bimodal (2 harmonics, 2 peaks)",2,0.784,0.828,0.319,poisson,HAC-Wald,FALSE,8.72335370101998e-18,TRUE,TRUE
110301,Antibacterials,primary_inferential,all_eligible_classes,1.577,1.391,1.829,Feb,Sep,"unimodal, non-sinusoidal (2 harmonics, 1 peak)",1,0.893,0.768,0.633,poisson,HAC-Wald,FALSE,9.40936355817698e-11,TRUE,TRUE
050101,Penicillins,primary_inferential,all_eligible_classes,1.572,1.399,1.768,Dec,Aug,"unimodal, non-sinusoidal (2 harmonics, 1 peak)",1,0.833,0.767,0.565,poisson,HAC-Wald,FALSE,5.41228415339323e-21,TRUE,TRUE
030901,Cough suppressants,primary_inferential,all_eligible_classes,1.547,1.453,1.683,Dec,Aug,"unimodal, non-sinusoidal (2 harmonics, 1 peak)",1,0.747,0.814,0.896,poisson,HAC-Wald,FALSE,1.81028868884518e-49,TRUE,TRUE
031000,Systemic nasal decongestants,primary_inferential,all_eligible_classes,1.534,1.417,1.69,Dec,Jul,unimodal (1 harmonic preferred),1,0.677,0.714,0.877,negbin,NB-LRT,,7.51632472383658e-11,TRUE,TRUE
131004,Parasiticidal preparations,primary_inferential,all_eligible_classes,1.452,1.375,1.557,Nov,Jul,"unimodal, non-sinusoidal (2 harmonics, 1 peak)",1,0.829,0.844,0.968,poisson,HAC-Wald,FALSE,6.7990072351079e-32,TRUE,TRUE
050105,Macrolides,primary_inferential,all_eligible_classes,1.415,1.258,1.62,Dec,Aug,"unimodal, non-sinusoidal (2 harmonics, 1 peak)",1,0.74,0.725,0.535,poisson,HAC-Wald,FALSE,6.83004773135963e-17,TRUE,TRUE
120301,Drugs for oral ulceration and inflammation,primary_inferential,all_eligible_classes,1.411,1.295,1.545,Dec,Aug,"unimodal, non-sinusoidal (2 harmonics, 1 peak)",1,0.812,0.775,0.094,poisson,HAC-Wald,FALSE,2.42048686581937e-22,TRUE,TRUE
120203,Nasal preparations for infection,primary_inferential,all_eligible_classes,1.4,1.335,1.507,May,Sep,"unimodal, non-sinusoidal (2 harmonics, 1 peak)",1,0.814,0.853,0.467,poisson,HAC-Wald,FALSE,1.53124033203395e-34,TRUE,TRUE
131200,Antiperspirants,primary_inferential,all_eligible_classes,1.392,1.347,1.455,Jul,Dec,"unimodal, non-sinusoidal (2 harmonics, 1 peak)",1,0.851,0.861,0.013,poisson,HAC-Wald,FALSE,2.92087891177799e-80,TRUE,TRUE
130700,Preparations for warts and calluses,primary_inferential,all_eligible_classes,1.368,1.309,1.478,Aug,Jan,"unimodal, non-sinusoidal (2 harmonics, 1 peak)",1,0.817,0.845,0.667,poisson,HAC-Wald,FALSE,8.58535976194372e-32,TRUE,TRUE
030402,Allergen immunotherapy,primary_inferential,all_eligible_classes,1.325,1.259,1.402,May,Nov,unimodal (1 harmonic preferred),1,0.659,0.664,0.963,poisson,Poisson-LRT,,1.06312758467361e-23,TRUE,TRUE
060302,Glucocorticoid therapy,primary_inferential,all_eligible_classes,1.322,1.261,1.387,Dec,Aug,"unimodal, non-sinusoidal (2 harmonics, 1 peak)",1,0.839,0.841,0.581,poisson,HAC-Wald,FALSE,7.99962161406946e-42,TRUE,TRUE
130603,Topical preparation for rosacea,primary_inferential,all_eligible_classes,1.321,1.29,1.377,Apr,Dec,"unimodal, non-sinusoidal (2 harmonics, 1 peak)",1,0.88,0.872,0.958,poisson,HAC-Wald,FALSE,2.45879982359496e-118,TRUE,TRUE
130801,Sunscreening preparations,primary_inferential,all_eligible_classes,1.28,1.23,1.358,Aug,Jan,"unimodal, non-sinusoidal (2 harmonics, 1 peak)",1,0.8,0.821,0.65,poisson,HAC-Wald,FALSE,3.30769565126227e-31,TRUE,TRUE
030401,Antihistamines,primary_inferential,all_eligible_classes,1.273,1.25,1.296,Jun,Jan,"unimodal, non-sinusoidal (2 harmonics, 1 peak)",1,0.904,0.87,0.579,poisson,HAC-Wald,FALSE,1.95040709693529e-226,TRUE,TRUE
131106,Oxidisers and dyes,primary_inferential,all_eligible_classes,1.246,1.19,1.318,Aug,Jan,unimodal (1 harmonic preferred),1,0.591,0.663,0.937,negbin,NB-LRT,,2.67982021171216e-09,TRUE,TRUE
050501,Drugs for threadworms,primary_inferential,all_eligible_classes,1.223,1.157,1.306,Oct,Jun,"unimodal, non-sinusoidal (2 harmonics, 1 peak)",1,0.772,0.785,0.25,poisson,HAC-Wald,FALSE,1.13926475470789e-15,TRUE,TRUE
050205,Other antifungals,primary_inferential,all_eligible_classes,1.21,1.174,1.253,Aug,Jan,unimodal (1 harmonic preferred),1,0.793,0.856,0.862,negbin,NB-LRT,,1.64563226144604e-13,TRUE,TRUE
120201,Drugs used in nasal allergy,primary_inferential,all_eligible_classes,1.192,1.166,1.227,May,Oct,"unimodal, non-sinusoidal (2 harmonics, 1 peak)",1,0.82,0.798,0.236,poisson,HAC-Wald,FALSE,4.93335033400967e-52,TRUE,TRUE
131400,Topical circulatory preparations,primary_inferential,all_eligible_classes,1.178,1.143,1.22,Jul,Dec,"unimodal, non-sinusoidal (2 harmonics, 1 peak)",1,0.726,0.77,0.726,negbin,NB-LRT,,4.53290816890594e-11,TRUE,TRUE
120101,Otitis externa,primary_inferential,all_eligible_classes,1.173,1.139,1.223,Sep,May,"bimodal (2 harmonics, 2 peaks)",2,0.692,0.715,0.613,negbin,NB-LRT,,4.03048405132221e-10,TRUE,TRUE
041002,Nicotine dependence,primary_inferential,all_eligible_classes,1.167,1.122,1.415,Mar,Nov,"unimodal, non-sinusoidal (2 harmonics, 1 peak)",1,0.642,0.781,0.713,poisson,HAC-Wald,FALSE,3.44007179729206e-08,TRUE,TRUE
040501,Gastro-intestinal anti-obesity drugs,primary_inferential,all_eligible_classes,1.163,1.128,1.21,Jul,Jan,"unimodal, non-sinusoidal (2 harmonics, 1 peak)",1,0.777,0.837,0.974,poisson,HAC-Wald,FALSE,3.05466343423733e-17,TRUE,TRUE
010704,Management of anal fissures,primary_inferential,all_eligible_classes,1.148,1.122,1.179,Feb,Jul,"unimodal, non-sinusoidal (2 harmonics, 1 peak)",1,0.746,0.825,0.815,poisson,HAC-Wald,FALSE,3.55305526555235e-42,TRUE,TRUE
091101,Amino acids and nutritional agents,primary_inferential,all_eligible_classes,4.218,2.303,11.996,Oct,Feb,"bimodal (2 harmonics, 2 peaks)",2,-0.006,0.002,0.705,poisson,HAC-Wald,FALSE,0.000970892062721036,TRUE,FALSE
050506,Filaricides,primary_inferential,all_eligible_classes,1.663,1.542,1.936,Jan,Aug,"unimodal, non-sinusoidal (2 harmonics, 1 peak)",1,0.456,0.357,0.977,poisson,HAC-Wald,FALSE,1.97019443519026e-59,TRUE,FALSE
091104,Digestive aids,primary_inferential,all_eligible_classes,1.634,1.191,2.437,Oct,Feb,"bimodal (2 harmonics, 2 peaks)",2,0.015,0,0.824,poisson,HAC-Wald,FALSE,0.0413467670270089,TRUE,FALSE
110803,Other eye preparations,primary_inferential,all_eligible_classes,1.233,1.123,1.774,Jun,Feb,"bimodal (2 harmonics, 2 peaks)",2,0.09,0.02,0.688,poisson,HAC-Wald,TRUE,0.00149959155530954,TRUE,FALSE
120303,Lozenges and sprays,primary_inferential,all_eligible_classes,1.165,1.126,1.224,Jan,Jul,unimodal (1 harmonic preferred),1,0.346,0.189,0.026,poisson,Poisson-LRT,,1.58784569297935e-10,TRUE,FALSE
050106,Clindamycin and lincomycin,primary_inferential,all_eligible_classes,1.126,1.096,1.163,Aug,Dec,"unimodal, non-sinusoidal (2 harmonics, 1 peak)",1,0.625,0.7,0.921,negbin,NB-LRT,,4.48078666131178e-09,TRUE,FALSE
030101,Adrenoceptor agonists,primary_inferential,all_eligible_classes,1.124,1.094,1.154,Dec,Aug,"bimodal (2 harmonics, 2 peaks)",2,0.606,0.696,0.945,poisson,HAC-Wald,FALSE,2.96694404817216e-20,TRUE,FALSE
050112,Quinolones,primary_inferential,all_eligible_classes,1.116,1.093,1.146,Dec,Jun,unimodal (1 harmonic preferred),1,0.628,0.561,0.945,negbin,NB-LRT,,4.12469936146296e-10,TRUE,FALSE
050113,Urinary-tract infections,primary_inferential,all_eligible_classes,1.114,1.085,1.15,Sep,May,"unimodal, non-sinusoidal (2 harmonics, 1 peak)",1,0.549,0.566,0.358,negbin,NB-LRT,,2.05997052646044e-07,TRUE,FALSE
100102,Corticosteroids,primary_inferential,all_eligible_classes,1.108,1.083,1.167,May,Jan,"unimodal, non-sinusoidal (2 harmonics, 1 peak)",1,0.723,0.701,0.868,poisson,HAC-Wald,FALSE,1.34640025024188e-11,TRUE,FALSE
120103,Removal of ear wax and other substances,primary_inferential,all_eligible_classes,1.107,1.073,1.148,Mar,Nov,"bimodal (2 harmonics, 2 peaks)",2,0.536,0.652,0.924,poisson,HAC-Wald,FALSE,1.47066738370915e-17,TRUE,FALSE
090201,Oral preparation for fluid and electrolyte imbalance,primary_inferential,all_eligible_classes,1.105,1.079,1.142,Jul,Dec,"unimodal, non-sinusoidal (2 harmonics, 1 peak)",1,0.475,0.626,0.863,negbin,NB-LRT,,8.65885960246975e-07,TRUE,FALSE
130503,Drugs affecting the immune response,primary_inferential,all_eligible_classes,1.104,1.085,1.137,Apr,Sep,"unimodal, non-sinusoidal (2 harmonics, 1 peak)",1,0.575,0.695,0.98,poisson,HAC-Wald,FALSE,3.37494744913336e-14,TRUE,FALSE
090202,Parent prepn for fluid and electrolyte imb,primary_inferential,all_eligible_classes,1.103,1.083,1.135,Dec,Aug,"bimodal (2 harmonics, 2 peaks)",2,0.566,0.681,0.454,negbin,NB-LRT,,6.15845376198558e-09,TRUE,FALSE
050102,Cephalosporins and other beta-lactams,primary_inferential,all_eligible_classes,1.097,1.069,1.132,Dec,May,unimodal (1 harmonic preferred),1,0.427,0.366,0.299,negbin,NB-LRT,,4.30504844194276e-06,TRUE,FALSE
131002,Antifungal preparations,primary_inferential,all_eligible_classes,1.095,1.075,1.185,Aug,Dec,"bimodal (2 harmonics, 2 peaks)",2,0.51,0.585,0.883,poisson,HAC-Wald,FALSE,0.000226648496068398,TRUE,FALSE
090103,"Hypoplastic,haemolytic and renal anaemias",primary_inferential,all_eligible_classes,1.091,1.054,1.148,Jul,Apr,"bimodal (2 harmonics, 2 peaks)",2,0.354,0.445,0.554,poisson,Poisson-LRT,,0.00398497352474364,TRUE,FALSE
130400,Topical corticosteroids,primary_inferential,all_eligible_classes,1.09,1.061,1.134,Mar,Oct,unimodal (1 harmonic preferred),1,0.45,0.66,0.199,negbin,NB-LRT,,0.000772676262857242,TRUE,FALSE
060104,Treatment of hypoglycaemia,primary_inferential,all_eligible_classes,1.09,1.075,1.11,Jul,Dec,"unimodal, non-sinusoidal (2 harmonics, 1 peak)",1,0.579,0.558,0.753,poisson,HAC-Wald,FALSE,7.73581751734925e-32,TRUE,FALSE
070202,Vaginal and vulval infections,primary_inferential,all_eligible_classes,1.085,1.045,1.138,Sep,May,"bimodal (2 harmonics, 2 peaks)",2,0.531,0.506,0.252,poisson,HAC-Wald,FALSE,0.00509117132759724,TRUE,FALSE
131003,Antiviral preparations,primary_inferential,all_eligible_classes,1.084,1.066,1.107,Dec,Aug,"unimodal, non-sinusoidal (2 harmonics, 1 peak)",1,0.356,0.485,0.873,poisson,HAC-Wald,FALSE,7.21065830915685e-21,TRUE,FALSE
120202,Topical nasal decongestants,primary_inferential,all_eligible_classes,1.08,1.054,1.122,Jan,Sep,unimodal (1 harmonic preferred),1,0.262,0.256,0.125,negbin,NB-LRT,,0.00140116339488567,TRUE,FALSE
130502,Preparations for psoriasis,primary_inferential,all_eligible_classes,1.078,1.068,1.096,Apr,Oct,"unimodal, non-sinusoidal (2 harmonics, 1 peak)",1,0.526,0.567,0,poisson,HAC-Wald,FALSE,2.00974064079059e-55,TRUE,FALSE
130602,Oral preparations for acne,primary_inferential,all_eligible_classes,1.077,1.054,1.117,Mar,Oct,unimodal (1 harmonic preferred),1,0.429,0.463,0.921,negbin,NB-LRT,,0.000920222435304135,TRUE,FALSE
130300,Topical local anaesthetics and antipruritics,primary_inferential,all_eligible_classes,1.073,1.043,1.125,Apr,Nov,unimodal (1 harmonic preferred),1,0.148,0.371,0.879,negbin,NB-LRT,,0.0257285967380165,TRUE,FALSE
060401,Female sex hormones and their modulators,primary_inferential,all_eligible_classes,1.068,1.049,1.1,Jul,Feb,unimodal (1 harmonic preferred),1,0.449,0.334,0.959,negbin,NB-LRT,,0.000113754559464022,TRUE,FALSE
110303,Antivirals,primary_inferential,all_eligible_classes,1.066,1.046,1.095,Jan,Oct,"bimodal (2 harmonics, 2 peaks)",2,0.261,0.242,0.842,poisson,HAC-Wald,FALSE,1.44223095977901e-09,TRUE,FALSE
050111,"Metronidazole, tinidazole and ornidazole",primary_inferential,all_eligible_classes,1.065,1.038,1.105,Sep,Jun,"bimodal (2 harmonics, 2 peaks)",2,0.49,0.629,0.615,poisson,HAC-Wald,FALSE,0.00172848088230961,TRUE,FALSE
050201,Triazole antifungals,primary_inferential,all_eligible_classes,1.063,1.039,1.112,Aug,Jan,unimodal (1 harmonic preferred),1,0.31,0.295,0.558,negbin,NB-LRT,,0.045794299931884,TRUE,FALSE
050108,Sulfonamides and trimethoprim,primary_inferential,all_eligible_classes,1.062,1.045,1.098,Nov,Jun,unimodal (1 harmonic preferred),1,0.442,0.575,0.343,negbin,NB-LRT,,0.000378108884704967,TRUE,FALSE
010702,Compound haemorrhoidal preparations with corticosteroid,primary_inferential,all_eligible_classes,1.061,1.049,1.076,Mar,Jul,"bimodal (2 harmonics, 2 peaks)",2,0.396,0.433,0,poisson,HAC-Wald,TRUE,3.54049245952409e-17,TRUE,FALSE
130201,Emollients,primary_inferential,all_eligible_classes,1.061,1.048,1.079,Apr,Oct,"unimodal, non-sinusoidal (2 harmonics, 1 peak)",1,0.371,0.429,0.316,poisson,HAC-Wald,FALSE,4.56697434699239e-18,TRUE,FALSE
030200,Corticosteroids (respiratory),primary_inferential,all_eligible_classes,1.061,1.048,1.073,Dec,Aug,"bimodal (2 harmonics, 2 peaks)",2,0.309,0.469,0.527,poisson,HAC-Wald,FALSE,5.7573277320653e-30,TRUE,FALSE
131001,Antibacterial preparations,primary_inferential,all_eligible_classes,1.059,1.037,1.105,Apr,Dec,"bimodal (2 harmonics, 2 peaks)",2,0.343,0.294,0.354,poisson,HAC-Wald,FALSE,0.0117193096799549,TRUE,FALSE
010102,Compound alginates and proprietary indigestion preparations,primary_inferential,all_eligible_classes,1.058,1.044,1.08,Dec,Jul,"unimodal, non-sinusoidal (2 harmonics, 1 peak)",1,0.21,0.171,0.112,poisson,HAC-Wald,FALSE,9.844932030669e-10,TRUE,FALSE
010701,Soothing haemorrhoidal preparations,primary_inferential,all_eligible_classes,1.057,1.044,1.071,Feb,Jun,"bimodal (2 harmonics, 2 peaks)",2,0.392,0.521,0.384,poisson,HAC-Wald,TRUE,3.88567411103636e-20,TRUE,FALSE
050107,Some other antibacterials,primary_inferential,all_eligible_classes,1.056,1.037,1.085,Sep,Apr,unimodal (1 harmonic preferred),1,0.259,0.161,0.94,negbin,NB-LRT,,0.00188469676334775,TRUE,FALSE
131103,Cationic surfactants and soaps,primary_inferential,all_eligible_classes,1.054,1.033,1.091,Apr,Jan,"bimodal (2 harmonics, 2 peaks)",2,0.419,0.507,0.787,poisson,HAC-Wald,FALSE,0.00112297682680614,TRUE,FALSE
130601,Topical preparations for acne,primary_inferential,all_eligible_classes,1.052,1.032,1.104,Mar,Jun,"bimodal (2 harmonics, 2 peaks)",2,0.523,0.694,0.467,poisson,HAC-Wald,FALSE,0.0462428934317855,TRUE,FALSE
100302,"Rubefacients, topical NSAIDs, capsaicin and poultices",primary_inferential,all_eligible_classes,1.047,1.043,1.059,Sep,Jan,"bimodal (2 harmonics, 2 peaks)",2,0.242,0.43,0.366,poisson,HAC-Wald,TRUE,1.55919199584476e-59,TRUE,FALSE
040400,CNS stimulants and drugs used for ADHD,primary_inferential,all_eligible_classes,1.046,1.026,1.08,Apr,Aug,"bimodal (2 harmonics, 2 peaks)",2,0.508,0.619,0.986,poisson,HAC-Wald,FALSE,0.0251947058398018,TRUE,FALSE
021100,Antifibrinolytic drugs and haemostatics,primary_inferential,all_eligible_classes,1.046,1.034,1.061,Aug,Dec,"bimodal (2 harmonics, 2 peaks)",2,0.566,0.483,0.812,poisson,HAC-Wald,TRUE,1.08614266312091e-11,TRUE,FALSE
070301,Combined hormonal contraceptives and systems,primary_inferential,all_eligible_classes,1.042,1.029,1.062,Jul,Nov,"bimodal (2 harmonics, 2 peaks)",2,0.43,0.484,0.969,poisson,HAC-Wald,FALSE,9.91433051466992e-09,TRUE,FALSE
130101,Management of skin conditions,primary_inferential,all_eligible_classes,1.036,1.026,1.06,May,Oct,unimodal (1 harmonic preferred),1,0.23,0.263,0.95,poisson,HAC-Wald,FALSE,0.000391660057006864,TRUE,FALSE
020202,Loop diuretics,primary_inferential,all_eligible_classes,1.034,1.026,1.05,Jul,Feb,"unimodal, non-sinusoidal (2 harmonics, 1 peak)",1,0.014,0,0,poisson,HAC-Wald,FALSE,1.23408769764989e-38,TRUE,FALSE
040101,Hypnotics,primary_inferential,all_eligible_classes,1.034,1.027,1.051,Feb,Jun,"unimodal, non-sinusoidal (2 harmonics, 1 peak)",1,0.068,0.311,0.298,poisson,HAC-Wald,FALSE,8.49270687446684e-13,TRUE,FALSE
020702,Vasoconstrictor sympathomimetics,primary_inferential,all_eligible_classes,1.032,1.019,1.053,Nov,Apr,"unimodal, non-sinusoidal (2 harmonics, 1 peak)",1,-0.1,0.16,0.988,poisson,HAC-Wald,FALSE,2.31390842922359e-05,TRUE,FALSE
130900,Shampoo and other preparations for scalp and hair conditions,primary_inferential,all_eligible_classes,1.027,1.016,1.048,Sep,Jan,"bimodal (2 harmonics, 2 peaks)",2,0.235,0.359,0.312,poisson,HAC-Wald,TRUE,0.00494846301137637,TRUE,FALSE
090502,Phosphorus,primary_inferential,all_eligible_classes,1.027,1.017,1.051,Sep,Mar,unimodal (1 harmonic preferred),1,0.066,0.319,0.784,poisson,HAC-Wald,FALSE,0.016540956368645,TRUE,FALSE
070302,Progestogen-only contraceptives,primary_inferential,all_eligible_classes,1.026,1.015,1.045,Feb,Oct,"bimodal (2 harmonics, 2 peaks)",2,0.421,0.382,0.856,poisson,HAC-Wald,TRUE,0.000388275226870467,TRUE,FALSE
020204,Potassium sparing diuretics and compounds,primary_inferential,all_eligible_classes,1.026,1.014,1.044,Oct,Feb,"unimodal, non-sinusoidal (2 harmonics, 1 peak)",1,-0.113,0.165,0.982,poisson,HAC-Wald,FALSE,0.0115413382112734,TRUE,FALSE
030302,Leukotriene receptor antagonists,primary_inferential,all_eligible_classes,1.025,1.02,1.035,Dec,Sep,"bimodal (2 harmonics, 2 peaks)",2,0.008,0,0.775,poisson,HAC-Wald,FALSE,2.73709047581924e-10,TRUE,FALSE
050401,Antimalarials,primary_inferential,all_eligible_classes,1.025,1.019,1.043,Sep,Mar,"unimodal, non-sinusoidal (2 harmonics, 1 peak)",1,-0.083,0.172,0.904,poisson,HAC-Wald,TRUE,8.77920094479552e-14,TRUE,FALSE
030700,Mucolytics,primary_inferential,all_eligible_classes,1.025,1.02,1.035,Dec,Aug,"bimodal (2 harmonics, 2 peaks)",2,-0.152,0,0.928,poisson,HAC-Wald,FALSE,3.00197132384098e-16,TRUE,FALSE
100101,Non-steroidal anti-inflammatory drugs,primary_inferential,all_eligible_classes,1.025,1.021,1.043,Apr,Dec,"bimodal (2 harmonics, 2 peaks)",2,0.107,0.074,0.131,poisson,HAC-Wald,FALSE,5.27206392050756e-10,TRUE,FALSE
090101,Iron-deficiency anaemias,primary_inferential,all_eligible_classes,1.024,1.019,1.042,Jul,Feb,"unimodal, non-sinusoidal (2 harmonics, 1 peak)",1,0.07,0,0.701,poisson,HAC-Wald,TRUE,4.30049447409871e-15,TRUE,FALSE
010402,Antimotility drugs,primary_inferential,all_eligible_classes,1.024,1.016,1.041,Jul,Mar,"unimodal, non-sinusoidal (2 harmonics, 1 peak)",1,-0.094,0.171,0.06,poisson,HAC-Wald,FALSE,2.18265840235112e-06,TRUE,FALSE
010301,H2-receptor antagonists,primary_inferential,all_eligible_classes,1.023,1.016,1.037,Nov,Apr,"unimodal, non-sinusoidal (2 harmonics, 1 peak)",1,-0.082,0,0.994,poisson,HAC-Wald,FALSE,5.45997117848395e-06,TRUE,FALSE
090604,Vitamin D,primary_inferential,all_eligible_classes,1.023,1.018,1.039,Apr,Aug,"unimodal, non-sinusoidal (2 harmonics, 1 peak)",1,-0.081,0,0.552,poisson,HAC-Wald,TRUE,7.68734419904648e-19,TRUE,FALSE
041100,Dementia,primary_inferential,all_eligible_classes,1.023,1.014,1.041,Nov,Mar,"bimodal (2 harmonics, 2 peaks)",2,-0.114,0,0.814,poisson,HAC-Wald,TRUE,3.28476791770192e-10,TRUE,FALSE
060301,Replacement therapy,primary_inferential,all_eligible_classes,1.023,1.016,1.04,Dec,Apr,"unimodal, non-sinusoidal (2 harmonics, 1 peak)",1,-0.131,0,0.855,poisson,HAC-Wald,FALSE,9.66381106018091e-09,TRUE,FALSE
030102,Antimuscarinic bronchodilators,primary_inferential,all_eligible_classes,1.022,1.015,1.036,Dec,Aug,"bimodal (2 harmonics, 2 peaks)",2,-0.105,0.184,0.983,poisson,HAC-Wald,FALSE,8.45914240039922e-05,TRUE,FALSE
060101,Insulin,primary_inferential,all_eligible_classes,1.022,1.015,1.042,Dec,Sep,"bimodal (2 harmonics, 2 peaks)",2,-0.056,0.197,0.538,poisson,HAC-Wald,FALSE,0.0233801524823976,TRUE,FALSE
040600,Drugs used in nausea and vertigo,primary_inferential,all_eligible_classes,1.021,1.016,1.035,Oct,May,"unimodal, non-sinusoidal (2 harmonics, 1 peak)",1,-0.05,0.134,0.045,poisson,HAC-Wald,FALSE,4.48078666131178e-09,TRUE,FALSE
100104,Gout and cytotoxic induced hyperuicaemia,primary_inferential,all_eligible_classes,1.02,1.013,1.04,Jul,Mar,"unimodal, non-sinusoidal (2 harmonics, 1 peak)",1,-0.138,0,0.587,poisson,HAC-Wald,FALSE,1.06784116477649e-16,TRUE,FALSE
041003,Opioid dependence,primary_inferential,all_eligible_classes,1.02,1.013,1.036,May,Sep,"bimodal (2 harmonics, 2 peaks)",2,-0.039,0.122,0.686,poisson,HAC-Wald,FALSE,0.00172848088230961,TRUE,FALSE
040901,Dopaminergic drugs used in parkinsonism,primary_inferential,all_eligible_classes,1.019,1.011,1.034,Nov,Mar,"bimodal (2 harmonics, 2 peaks)",2,-0.169,0,0,poisson,HAC-Wald,FALSE,0.000377505620594641,TRUE,FALSE
020602,Calcium-channel blockers,primary_inferential,all_eligible_classes,1.019,1.015,1.03,Apr,Aug,"unimodal, non-sinusoidal (2 harmonics, 1 peak)",1,-0.131,0,0.746,poisson,HAC-Wald,FALSE,3.20982104870482e-14,TRUE,FALSE
040202,Antipsychotic depot injections,primary_inferential,all_eligible_classes,1.018,1.013,1.037,Jan,Aug,unimodal (1 harmonic preferred),1,0.103,0.17,0.662,poisson,HAC-Wald,TRUE,0.000230107269456129,TRUE,FALSE
041001,Alcohol dependence,primary_inferential,all_eligible_classes,1.017,1.011,1.038,Dec,Mar,"bimodal (2 harmonics, 2 peaks)",2,-0.103,0,0.712,poisson,HAC-Wald,FALSE,0.0211926509023209,TRUE,FALSE
060106,Diabetic diagnostic and monitoring agents,primary_inferential,all_eligible_classes,1.017,1.014,1.032,Jul,Dec,"unimodal, non-sinusoidal (2 harmonics, 1 peak)",1,-0.068,0.115,0.876,poisson,HAC-Wald,TRUE,1.14226798562315e-07,TRUE,FALSE
090607,Multivitamin preparations,primary_inferential,all_eligible_classes,1.016,1.011,1.03,Dec,Jul,"unimodal, non-sinusoidal (2 harmonics, 1 peak)",1,-0.094,0,0.702,poisson,HAC-Wald,TRUE,0.00214384731978948,TRUE,FALSE
040701,Non-opioid analgesics and compound preparations,primary_inferential,all_eligible_classes,1.016,1.012,1.03,Nov,Aug,"bimodal (2 harmonics, 2 peaks)",2,-0.17,0,0.21,poisson,HAC-Wald,TRUE,8.43977774190808e-06,TRUE,FALSE
020203,Potassium-sparing diuretics and aldosterone antagonists,primary_inferential,all_eligible_classes,1.016,1.007,1.034,Nov,Mar,"bimodal (2 harmonics, 2 peaks)",2,-0.193,0,0.948,poisson,HAC-Wald,TRUE,0.0219910094935298,TRUE,FALSE
060402,Male sex hormones and antagonists,primary_inferential,all_eligible_classes,1.016,1.013,1.03,Nov,Jul,"bimodal (2 harmonics, 2 peaks)",2,-0.17,0,0.644,poisson,HAC-Wald,TRUE,6.44078395714296e-07,TRUE,FALSE
070401,Drugs for urinary retention,primary_inferential,all_eligible_classes,1.015,1.011,1.028,Nov,Aug,"bimodal (2 harmonics, 2 peaks)",2,-0.182,0,0.708,poisson,HAC-Wald,TRUE,4.29924047279809e-07,TRUE,FALSE
040301,Tricyclic and related antidepressant drugs,primary_inferential,all_eligible_classes,1.015,1.012,1.033,Nov,Jul,"bimodal (2 harmonics, 2 peaks)",2,-0.15,0,0.153,poisson,HAC-Wald,TRUE,5.81617035616975e-09,TRUE,FALSE
020504,Alpha-adrenoceptor blocking drugs,primary_inferential,all_eligible_classes,1.015,1.01,1.025,Apr,Aug,"bimodal (2 harmonics, 2 peaks)",2,-0.16,0,0.585,poisson,HAC-Wald,FALSE,0.00111675606659756,TRUE,FALSE
040304,Other antidepressant drugs,primary_inferential,all_eligible_classes,1.013,1.011,1.028,Dec,Jul,"unimodal, non-sinusoidal (2 harmonics, 1 peak)",1,-0.169,0,0.818,poisson,HAC-Wald,TRUE,3.16743876105447e-08,TRUE,FALSE
020802,Oral anticoagulants,primary_inferential,all_eligible_classes,1.013,1.007,1.03,Nov,Mar,"bimodal (2 harmonics, 2 peaks)",2,-0.181,0,0.562,poisson,HAC-Wald,FALSE,0.00531800462558879,TRUE,FALSE
020201,Thiazides and related diuretics,primary_inferential,all_eligible_classes,1.012,1.008,1.025,May,Sep,"bimodal (2 harmonics, 2 peaks)",2,-0.165,0,0.717,poisson,HAC-Wald,FALSE,0.00190095196630072,TRUE,FALSE
020101,Cardiac glycosides,primary_inferential,all_eligible_classes,1.012,1.008,1.03,Nov,Mar,"bimodal (2 harmonics, 2 peaks)",2,-0.174,0,0.244,poisson,HAC-Wald,TRUE,0.000783444846553568,TRUE,FALSE
040203,Drugs used for mania and hypomania,primary_inferential,all_eligible_classes,1.012,1.008,1.031,Dec,Aug,"bimodal (2 harmonics, 2 peaks)",2,-0.186,0.116,0.731,poisson,HAC-Wald,TRUE,0.0342362206094809,TRUE,FALSE
010602,Stimulant laxatives,primary_inferential,all_eligible_classes,1.012,1.007,1.03,Nov,Mar,"unimodal, non-sinusoidal (2 harmonics, 1 peak)",1,-0.171,0,0.755,poisson,HAC-Wald,TRUE,0.0429708493171327,TRUE,FALSE
020603,Other antianginal drugs,primary_inferential,all_eligible_classes,1.011,1.007,1.032,Nov,Mar,"bimodal (2 harmonics, 2 peaks)",2,-0.185,0,0.602,poisson,HAC-Wald,FALSE,0.0321300338119129,TRUE,FALSE
040201,Antipsychotic drugs,primary_inferential,all_eligible_classes,1.011,1.008,1.028,Dec,Apr,"bimodal (2 harmonics, 2 peaks)",2,-0.175,0,0.004,poisson,HAC-Wald,TRUE,0.00313994020549551,TRUE,FALSE
030104,Compound bronchodilator preparations,primary_inferential,all_eligible_classes,1.01,1.007,1.025,Dec,Aug,"bimodal (2 harmonics, 2 peaks)",2,-0.226,0,0.864,poisson,HAC-Wald,TRUE,0.00181984286017451,TRUE,FALSE
020900,Antiplatelet drugs,primary_inferential,all_eligible_classes,1.01,1.007,1.025,Nov,Feb,"bimodal (2 harmonics, 2 peaks)",2,-0.205,0,0,poisson,HAC-Wald,TRUE,0.000402533574512188,TRUE,FALSE
080304,Hormone antagonists,primary_inferential,all_eligible_classes,1.009,1.007,1.027,Dec,Aug,"bimodal (2 harmonics, 2 peaks)",2,-0.19,0,0,poisson,HAC-Wald,TRUE,0.00341395403142288,TRUE,FALSE
040303,Selective serotonin re-uptake inhibitors,primary_inferential,all_eligible_classes,1.009,1.007,1.025,Dec,Aug,"unimodal, non-sinusoidal (2 harmonics, 1 peak)",1,-0.147,0,0.117,poisson,HAC-Wald,TRUE,0.000373686698569591,TRUE,FALSE
040801,Control of epilepsy,primary_inferential,all_eligible_classes,1.009,1.006,1.028,Nov,Mar,"bimodal (2 harmonics, 2 peaks)",2,-0.192,0,0.189,poisson,HAC-Wald,TRUE,0.0462428934317855,TRUE,FALSE
020400,Beta-adrenoceptor blocking drugs,primary_inferential,all_eligible_classes,1.009,1.006,1.024,Nov,Aug,"bimodal (2 harmonics, 2 peaks)",2,-0.196,0,0.285,poisson,HAC-Wald,FALSE,0.0081054061707156,TRUE,FALSE
090602,Vitamin B group,primary_inferential,all_eligible_classes,1.009,1.006,1.029,Nov,Apr,"unimodal, non-sinusoidal (2 harmonics, 1 peak)",1,-0.186,0,0.17,poisson,HAC-Wald,TRUE,0.0224467549907545,TRUE,FALSE
020505,Renin-angiotensin system drugs,primary_inferential,all_eligible_classes,1.009,1.006,1.022,May,Aug,"bimodal (2 harmonics, 2 peaks)",2,-0.195,0,0.532,poisson,HAC-Wald,FALSE,0.0166702504942612,TRUE,FALSE
021200,Lipid-regulating drugs,primary_inferential,all_eligible_classes,1.007,1.005,1.022,Nov,Aug,"bimodal (2 harmonics, 2 peaks)",2,-0.226,0,0.893,poisson,HAC-Wald,TRUE,0.0304008061863522,TRUE,FALSE
