bnf_class_code,bnf_class_name,p_value,distribution,route,disp_ratio,disp_p,lb_p,nw_lag,hac_capped,theta,b_sin12,b_cos12,b_sin6,b_cos6,converged,note,class_q_bh,class_significant,inference_scope,multiplicity_family
030401,Antihistamines,8.86548680425132e-229,poisson,HAC-Wald,1884.29721613538,0.00206106123381779,0.000926955008103691,5.1244523460949,FALSE,,-0.00170111702038837,-0.116746376327665,-0.00752314446095125,0.0318064990450475,TRUE,,1.95040709693529e-226,TRUE,primary_inferential,all_eligible_classes
110402,Other anti-inflammatory preparations,6.53183629706961e-146,poisson,HAC-Wald,982.846137599289,0.00683978721029577,0.000236752081077651,0.444010366025165,FALSE,,0.0127434156930895,-0.32985342278818,-0.0244837881406989,0.10678127033103,TRUE,,7.18501992677657e-144,TRUE,primary_inferential,all_eligible_classes
030902,Expectorant and demulcent cough preparations,9.80815688728394e-142,poisson,HAC-Wald,48.9283734372003,4.12070914663297e-05,0.0336447337939858,11.1204073574542,FALSE,,0.130308102714288,0.299945974228745,-0.0908202507024063,0.0798353743051332,TRUE,,7.19264838400822e-140,TRUE,primary_inferential,all_eligible_classes
130603,Topical preparation for rosacea,4.47054513380901e-120,poisson,HAC-Wald,25.3903877798559,2.03702530368338e-09,1.24590689132287e-06,11.3080217121697,FALSE,,0.100059954308758,-0.0999639650094046,-0.0428815659297114,-0.0031257090951112,TRUE,,2.45879982359496e-118,TRUE,primary_inferential,all_eligible_classes
050103,Tetracyclines,7.32665654772252e-90,poisson,HAC-Wald,2565.45068504433,0.00306084107962484,0.0051294132315346,3.24825180992272,FALSE,,0.111525202479168,0.17918038027445,-0.017167416397245,0.0601414552779119,TRUE,,3.22372888099791e-88,TRUE,primary_inferential,all_eligible_classes
131200,Antiperspirants,7.96603339575815e-82,poisson,HAC-Wald,17.7116375971623,0.000150178736314821,0.0144328022235589,3.23520359517623,FALSE,,-0.0766470264647348,-0.143770226723939,0.0185051381896996,-0.015507955882655,TRUE,,2.92087891177799e-80,TRUE,primary_inferential,all_eligible_classes
140400,Vaccines and antisera,1.59634766296845e-75,poisson,HAC-Wald,210018.931132338,5.83640418943395e-06,0.041092291041169,2.21104635009149,FALSE,,-0.66119806608119,1.4002985111147,-0.651747397568028,-0.572201597209164,TRUE,,5.01709265504371e-74,TRUE,primary_inferential,all_eligible_classes
050304,Influenza,4.68215957348274e-70,poisson,HAC-Wald,616.202619393856,0.015663559518702,0.0253892329626093,0.868333656509318,FALSE,,1.4557031507995,1.76434566517259,0.0903764497613319,0.663965703158458,TRUE,,1.28759388270775e-68,TRUE,primary_inferential,all_eligible_classes
100302,"Rubefacients, topical NSAIDs, capsaicin and poultices",6.37851271027404e-61,poisson,HAC-Wald,553.365984999553,2.20556100441986e-09,0.000931370124331754,12,TRUE,,-0.0101345220774591,-0.0184566799928032,-0.00727889414127935,-0.00579532887404853,TRUE,,1.55919199584476e-59,TRUE,primary_inferential,all_eligible_classes
050506,Filaricides,8.95542925086484e-61,poisson,HAC-Wald,22.3831669442745,7.0841066054369e-10,0.0402378723035992,1.10018397417083,FALSE,,0.165859647837377,0.196346804292352,-0.0339212382997131,0.0137609344367144,TRUE,,1.97019443519026e-59,TRUE,primary_inferential,all_eligible_classes
130502,Preparations for psoriasis,1.0048703203953e-56,poisson,HAC-Wald,114.395095314566,9.29181866679716e-08,0.00373000308667204,7.51409329919271,FALSE,,0.0286614614779229,-0.0250453829231011,-0.0017030093731372,-0.00125498532283428,TRUE,,2.00974064079059e-55,TRUE,primary_inferential,all_eligible_classes
120201,Drugs used in nasal allergy,2.69091836400528e-53,poisson,HAC-Wald,928.75379954371,0.000777208409367318,0.00351439454366076,1.66255020915105,FALSE,,0.0341788768957539,-0.0733003912859411,-0.0120408545525127,0.0287608535735786,TRUE,,4.93335033400967e-52,TRUE,primary_inferential,all_eligible_classes
030901,Cough suppressants,1.06971604340851e-50,poisson,HAC-Wald,87.793049299902,1.45332780297925e-06,3.33066907387547e-16,1.81955200040939,FALSE,,0.0734119662590107,0.187458377754893,-0.017101892214152,0.0512240666454037,TRUE,,1.81028868884518e-49,TRUE,primary_inferential,all_eligible_classes
010704,Management of anal fissures,2.26103516898786e-43,poisson,HAC-Wald,14.5339913715732,4.92315253009197e-09,9.05269557593957e-06,7.72484896024738,FALSE,,0.0454288488143531,0.0471746657612333,0.00167569931838867,-0.0115687420733115,TRUE,,3.55305526555235e-42,TRUE,primary_inferential,all_eligible_classes
060302,Glucocorticoid therapy,5.45428746413827e-43,poisson,HAC-Wald,1374.36363993169,0.000225738847967415,0.00827526064032091,1.98219617912565,FALSE,,0.0372035475482827,0.108000256768339,-0.0207296157974361,0.044703006593161,TRUE,,7.99962161406946e-42,TRUE,primary_inferential,all_eligible_classes
020202,Loop diuretics,8.97518325563555e-40,poisson,HAC-Wald,693.989926074835,6.05289231166321e-09,3.39026444584611e-06,7.9933105814911,FALSE,,-0.0082375664536227,-0.0129872892037461,0.000523674924700995,0.00420208096615009,TRUE,,1.23408769764989e-38,TRUE,primary_inferential,all_eligible_classes
120203,Nasal preparations for infection,1.1832311656626e-35,poisson,HAC-Wald,221.708687211194,1.10569410887099e-05,0.00489374400497733,1.67696012301742,FALSE,,0.158087867722409,-0.043777797133302,0.0149019501293163,0.0495016920228364,TRUE,,1.53124033203395e-34,TRUE,primary_inferential,all_eligible_classes
131004,Parasiticidal preparations,5.56282410145192e-33,poisson,HAC-Wald,124.729204432514,2.68871583401411e-07,0.0266351308704863,2.71661694273689,FALSE,,0.0385225805705732,0.174077201371691,-0.0411613009215361,-0.0387836341178129,TRUE,,6.7990072351079e-32,TRUE,primary_inferential,all_eligible_classes
060104,Treatment of hypoglycaemia,6.68093331043799e-33,poisson,HAC-Wald,31.8765840476075,2.3228185394916e-08,0.0362899630969283,0.63556651236137,FALSE,,-0.0188678553864702,-0.0349933174425576,0.0138671168192749,0.00195272310147956,TRUE,,7.73581751734925e-32,TRUE,primary_inferential,all_eligible_classes
130700,Preparations for warts and calluses,7.80487251085793e-33,poisson,HAC-Wald,59.9425742577849,9.64196952064922e-09,0.000358727020950189,4.07382291573452,FALSE,,-0.0799560276551729,-0.12221718509264,0.00325532317261208,-0.0370035123810176,TRUE,,8.58535976194372e-32,TRUE,primary_inferential,all_eligible_classes
130801,Sunscreening preparations,3.15734584893217e-32,poisson,HAC-Wald,172.194452986055,6.29037887495926e-08,4.89862119756879e-08,3.46239177990799,FALSE,,-0.0674829983595981,-0.0988037181132257,-0.00740399345565543,-0.0199223750037615,TRUE,,3.30769565126227e-31,TRUE,primary_inferential,all_eligible_classes
030200,Corticosteroids (respiratory),5.7573277320653e-31,poisson,HAC-Wald,1493.48868909051,6.1751064351453e-08,2.3508646621595e-05,2.41823635397516,FALSE,,0.00686060704895206,0.0195729285121151,-0.00555358109539403,0.0125028722720247,TRUE,,5.7573277320653e-30,TRUE,primary_inferential,all_eligible_classes
030402,Allergen immunotherapy,1.11145156579513e-24,poisson,Poisson-LRT,1.23212619340224,0.448243597909744,0.397482556352044,,,,0.0727898983266984,-0.12025043325143,-0.017229545475884,0.00816498163403979,TRUE,,1.06312758467361e-23,TRUE,primary_inferential,all_eligible_classes
120301,Drugs for oral ulceration and inflammation,2.6405311263484e-23,poisson,HAC-Wald,312.067314232027,1.36953898339461e-06,0.00664739944344672,1.1492601957667,FALSE,,0.0786193313183072,0.121029364546778,-0.0299931371986794,0.0459005437845789,TRUE,,2.42048686581937e-22,TRUE,primary_inferential,all_eligible_classes
050101,Penicillins,6.15032290158321e-22,poisson,HAC-Wald,11365.4898237414,0.0123650280641127,0.0125281989200171,1.50557262808203,FALSE,,0.0937264175027723,0.170631868209824,-0.0155994409123932,0.0677212345154056,TRUE,,5.41228415339323e-21,TRUE,primary_inferential,all_eligible_classes
131003,Antiviral preparations,8.52168709263991e-22,poisson,HAC-Wald,9.63905225698031,1.39640981436339e-06,0.0142826745597037,1.04175222789527,FALSE,,0.0180839694399142,0.0287441328686396,-0.00374128569462932,0.0121407302594231,TRUE,,7.21065830915685e-21,TRUE,primary_inferential,all_eligible_classes
030101,Adrenoceptor agonists,3.64124951366583e-21,poisson,HAC-Wald,1968.79300308814,1.49436183848033e-08,0.0015885861529269,2.23769702881776,FALSE,,0.00782673670261921,0.0397846817635412,-0.0121977841540455,0.0265726056820948,TRUE,,2.96694404817216e-20,TRUE,primary_inferential,all_eligible_classes
010701,Soothing haemorrhoidal preparations,4.94540341404628e-21,poisson,HAC-Wald,21.041818068203,1.84528280105449e-08,0.000888378616950791,12,TRUE,,0.00949774678892068,0.0185857279956607,0.00391459822037575,-0.010678017805938,TRUE,,3.88567411103636e-20,TRUE,primary_inferential,all_eligible_classes
090604,Vitamin D,1.01333173532885e-19,poisson,HAC-Wald,1451.40762486552,2.87394048057109e-09,2.21472252888155e-05,12,TRUE,,0.00977646059726649,0.00303533132599793,-0.00357398792578098,0.00115929482483984,TRUE,,7.68734419904648e-19,TRUE,primary_inferential,all_eligible_classes
130201,Emollients,6.22769229135326e-19,poisson,HAC-Wald,524.900893976471,1.13922067100976e-07,0.0208916177382322,6.79490526589169,FALSE,,0.0237421331503125,-0.0178132819519155,-0.000106446561377729,0.000597676299475041,TRUE,,4.56697434699239e-18,TRUE,primary_inferential,all_eligible_classes
030403,Allergic emergencies,1.22919983968918e-18,poisson,HAC-Wald,478.23539351304,1.03684039037671e-06,0.00376183114386286,2.10207814650895,FALSE,,-0.0254631097228256,-0.19090806882086,0.0229918627444966,-0.0872479879474282,TRUE,,8.72335370101998e-18,TRUE,primary_inferential,all_eligible_classes
120103,Removal of ear wax and other substances,2.1391525581224e-18,poisson,HAC-Wald,6.04739064867381,1.33718233707599e-05,1.00751885678818e-06,10.5581531178078,FALSE,,0.0214093021186087,0.000446975597529173,0.0192852624914049,-0.0354621445563522,TRUE,,1.47066738370915e-17,TRUE,primary_inferential,all_eligible_classes
040501,Gastro-intestinal anti-obesity drugs,4.58199515135599e-18,poisson,HAC-Wald,65.9659102672898,2.48025483558543e-08,0.00667415540929695,1.8048359295363,FALSE,,-0.0283455259303946,-0.0706993844875543,-0.00334083661646015,-0.00951042800505589,TRUE,,3.05466343423733e-17,TRUE,primary_inferential,all_eligible_classes
010702,Compound haemorrhoidal preparations with corticosteroid,5.47167016471905e-18,poisson,HAC-Wald,166.261693800077,6.09621175962059e-08,6.77756554381404e-05,12,TRUE,,0.021966639520851,0.00938190446842522,-0.000507352678517174,-0.0118893377621245,TRUE,,3.54049245952409e-17,TRUE,primary_inferential,all_eligible_classes
050105,Macrolides,1.08659850271631e-17,poisson,HAC-Wald,2571.99639151352,0.0284100305164292,0.000406026748873467,1.50416023931523,FALSE,,0.0808433029049013,0.125754759597096,-0.00969999632853951,0.0534649483285592,TRUE,,6.83004773135963e-17,TRUE,primary_inferential,all_eligible_classes
100104,Gout and cytotoxic induced hyperuicaemia,1.74737645145244e-17,poisson,HAC-Wald,390.948239585185,1.6558940523052e-09,1.30232442853151e-05,9.45251300896848,FALSE,,-0.00662761086021794,-0.00586400087296352,0.00138528843965597,0.00267748821682048,TRUE,,1.06784116477649e-16,TRUE,primary_inferential,all_eligible_classes
030700,Mucolytics,5.04876995373256e-17,poisson,HAC-Wald,217.327656334888,1.31249783449984e-08,6.26190559072093e-07,10.4374999117916,FALSE,,0.00265065280573985,0.00886186567862003,-0.00103097012462219,0.00541850729548158,TRUE,,3.00197132384098e-16,TRUE,primary_inferential,all_eligible_classes
050501,Drugs for threadworms,1.96782093994999e-16,poisson,HAC-Wald,38.0216476601901,3.16527608814126e-07,6.5240257640653e-10,4.98671849393522,FALSE,,-0.0372275108956373,0.0664831700155135,-0.0194296534921655,-0.0348515646781123,TRUE,,1.13926475470789e-15,TRUE,primary_inferential,all_eligible_classes
090101,Iron-deficiency anaemias,7.62360384044771e-16,poisson,HAC-Wald,540.682469202911,5.03201323460775e-08,0.000860611568811898,12,TRUE,,-0.00717278781359187,-0.00944547944044776,-0.00170062330699163,0.000908683171302784,TRUE,,4.30049447409871e-15,TRUE,primary_inferential,all_eligible_classes
020602,Calcium-channel blockers,5.8360382703724e-15,poisson,HAC-Wald,2372.39984033282,4.59202721869932e-09,1.12094790960526e-06,9.22195792132245,FALSE,,0.00801339916892737,0.000664380405465101,-0.00302651869021449,0.00183656146154563,TRUE,,3.20982104870482e-14,TRUE,primary_inferential,all_eligible_classes
130503,Drugs affecting the immune response,6.28967479156671e-15,poisson,HAC-Wald,55.9501244886958,1.12371010431279e-08,0.00335635824488889,3.95669415621855,FALSE,,0.0480841102204135,-0.00267563017974663,-0.00446401256727398,0.00834612792077196,TRUE,,3.37494744913336e-14,TRUE,primary_inferential,all_eligible_classes
050401,Antimalarials,1.67602927127914e-14,poisson,HAC-Wald,121.383500547767,3.23352174328377e-10,1.32594124215846e-05,12,TRUE,,-0.0124851387717003,-0.00101801143651227,-5.58340158441927e-05,0.00230690197802276,TRUE,,8.77920094479552e-14,TRUE,primary_inferential,all_eligible_classes
050205,Other antifungals,3.21646305646271e-14,negbin,NB-LRT,56.7306923572251,3.4555155395151e-08,0.0966336331955022,,,759.584157127096,-0.0565664842061766,-0.0740775661058154,0.00271826400046156,-0.0124605439042427,TRUE,,1.64563226144604e-13,TRUE,primary_inferential,all_eligible_classes
040101,Hypnotics,1.69854137489337e-13,poisson,HAC-Wald,472.918410769901,6.04067089015593e-10,0.00238220299267633,6.16070597689011,FALSE,,0.00533481655875218,0.0139743597320096,0.00161403807358192,-0.00399475725232586,TRUE,,8.49270687446684e-13,TRUE,primary_inferential,all_eligible_classes
021100,Antifibrinolytic drugs and haemostatics,2.22165544729278e-12,poisson,HAC-Wald,93.6335500222702,7.98493197150995e-08,7.18379570274763e-08,12,TRUE,,-0.00540741220264086,-0.0157007043546784,0.0034217287118259,-0.00904105110975057,TRUE,,1.08614266312091e-11,TRUE,primary_inferential,all_eligible_classes
100102,Corticosteroids,2.81520052323302e-12,poisson,HAC-Wald,222.031129387856,9.70006101283705e-10,2.04859929020529e-09,3.57870431833503,FALSE,,0.01584358368016,-0.0450286935827406,-0.0143742004872985,0.00626323933182711,TRUE,,1.34640025024188e-11,TRUE,primary_inferential,all_eligible_classes
131400,Topical circulatory preparations,9.68394017902633e-12,negbin,NB-LRT,10.378761352386,2.32080194363216e-06,0.170986696688017,,,828.40236820924,-0.0359454268147799,-0.0657703501675952,0.0258004221683892,-0.00151279533719246,TRUE,,4.53290816890594e-11,TRUE,primary_inferential,all_eligible_classes
031000,Systemic nasal decongestants,1.63992539429162e-11,negbin,NB-LRT,17.5935602676054,0.00658743793342545,0.0513626873949191,,,113.406900225612,0.0709067320052016,0.191276140492901,-0.0245669184924717,0.0283922020242065,TRUE,,7.51632472383658e-11,TRUE,primary_inferential,all_eligible_classes
110301,Antibacterials,2.09572188341215e-11,poisson,HAC-Wald,619.33542253509,3.33014311241166e-07,6.00019145480246e-10,1.34549860482517,FALSE,,0.207890921453825,0.0414014045916435,0.0525976696238056,0.00318317032961334,TRUE,,9.40936355817698e-11,TRUE,primary_inferential,all_eligible_classes
120303,Lozenges and sprays,3.60874021131669e-11,poisson,Poisson-LRT,1.72135272176537,0.0542872602591641,0.176330194851784,,,,0.0300385052597976,0.0707556477883098,-0.00574442475757413,-0.00102861269295143,TRUE,,1.58784569297935e-10,TRUE,primary_inferential,all_eligible_classes
030302,Leukotriene receptor antagonists,6.34507337576277e-11,poisson,HAC-Wald,255.63399131764,4.11949195258474e-08,5.03942023070136e-05,6.6951112169444,FALSE,,0.00492020260430411,0.0017866960295184,-0.00279773813308905,0.00918361289156502,TRUE,,2.73709047581924e-10,TRUE,primary_inferential,all_eligible_classes
041100,Dementia,7.76399689638637e-11,poisson,HAC-Wald,228.983402595072,3.95875677557092e-09,2.55230781178728e-05,12,TRUE,,-0.00567474625304101,0.00612573842818953,-0.00164868681803502,0.00472909526544372,TRUE,,3.28476791770192e-10,TRUE,primary_inferential,all_eligible_classes
120101,Otitis externa,9.70980248727624e-11,negbin,NB-LRT,264.442634000617,5.51015756893392e-08,0.301086413731903,,,680.834732472916,-0.0414489444104962,0.0553652107765142,0.034002657848435,-0.0133086878722656,TRUE,,4.03048405132221e-10,TRUE,primary_inferential,all_eligible_classes
050112,Quinolones,1.01242620690455e-10,negbin,NB-LRT,31.0245650514477,8.87126904928193e-09,0.195458974458422,,,1373.77697440379,-0.00286223261540926,0.0547926297527109,0.0025997166496569,-0.00552528493262185,TRUE,,4.12469936146296e-10,TRUE,primary_inferential,all_eligible_classes
100101,Non-steroidal anti-inflammatory drugs,1.31801598012689e-10,poisson,HAC-Wald,779.271076987878,8.64480015981839e-09,0.00517067140937011,7.99846743914059,FALSE,,-0.00203942529866359,-0.00966920244312894,-0.00327772691015489,-0.00593138668410476,TRUE,,5.27206392050756e-10,TRUE,primary_inferential,all_eligible_classes
010102,Compound alginates and proprietary indigestion preparations,2.50598269871574e-10,poisson,HAC-Wald,298.609412907656,9.13502716141731e-09,0.043290166007456,2.63911578567201,FALSE,,0.0117036234982629,0.0246021652622405,-0.00335112494455887,0.00363431985908243,TRUE,,9.844932030669e-10,TRUE,primary_inferential,all_eligible_classes
110303,Antivirals,3.73668930488198e-10,poisson,HAC-Wald,1.93751791594003,0.0505968867085177,0.0119588956003684,9.56253675082913,FALSE,,0.0195265574289063,0.00595583331291313,0.0137959084113599,0.0114159179675822,TRUE,,1.44223095977901e-09,TRUE,primary_inferential,all_eligible_classes
131106,Oxidisers and dyes,7.06498055815025e-10,negbin,NB-LRT,2.17489815027522,0.0175798549586675,0.216531576955525,,,646.340249193271,-0.0842340000429885,-0.0671370374743399,0.0138609477415267,-0.0128713518297779,TRUE,,2.67982021171216e-09,TRUE,primary_inferential,all_eligible_classes
040600,Drugs used in nausea and vertigo,1.2220327258123e-09,poisson,HAC-Wald,371.456519866835,4.56112654844164e-10,0.000386186964706159,10.4630984938967,FALSE,,-0.00605149208261674,0.0073302435199499,0.00139929713856225,-0.00246908422162663,TRUE,,4.48078666131178e-09,TRUE,primary_inferential,all_eligible_classes
050106,Clindamycin and lincomycin,1.21816414325666e-09,negbin,NB-LRT,6.28853452403622,3.60223126481017e-07,0.547217732113255,,,1325.47363201776,-0.0266022490152111,-0.0465933657640697,0.0135487623278228,-0.00936184588416349,TRUE,,4.48078666131178e-09,TRUE,primary_inferential,all_eligible_classes
040301,Tricyclic and related antidepressant drugs,1.61266541693797e-09,poisson,HAC-Wald,977.896344540353,2.19012058080782e-09,1.35377079262256e-05,12,TRUE,,0.00319788493321807,0.00533725733312285,-0.00322236691429331,0.000483392347496288,TRUE,,5.81617035616975e-09,TRUE,primary_inferential,all_eligible_classes
090202,Parent prepn for fluid and electrolyte imb,1.73556424201412e-09,negbin,NB-LRT,17.8839914654976,3.81094199487172e-10,0.0714001536367234,,,1508.08347983102,0.0171180603369999,0.0399614928568734,0.00762960080171739,0.0196865403306929,TRUE,,6.15845376198558e-09,TRUE,primary_inferential,all_eligible_classes
060301,Replacement therapy,2.76736407632453e-09,poisson,HAC-Wald,34.4264962173639,4.18470028663753e-07,2.20377283504103e-05,7.94020967234257,FALSE,,-0.00486369819530118,0.00866841730093974,0.00113519089303933,0.00271524979069296,TRUE,,9.66381106018091e-09,TRUE,primary_inferential,all_eligible_classes
070301,Combined hormonal contraceptives and systems,2.88416887699489e-09,poisson,HAC-Wald,237.423273141459,1.00387149259626e-06,7.78582055508403e-05,3.4878455781987,FALSE,,0.000754647320093803,-0.0153529759287568,0.00825743854519052,0.00380824539044539,TRUE,,9.91433051466992e-09,TRUE,primary_inferential,all_eligible_classes
040304,Other antidepressant drugs,9.35834179402458e-09,poisson,HAC-Wald,1240.32564086743,7.54526231247383e-10,7.02198262503284e-06,12,TRUE,,0.0020871302619621,0.00522610086069906,-0.00184140899576482,0.00083409147721486,TRUE,,3.16743876105447e-08,TRUE,primary_inferential,all_eligible_classes
041002,Nicotine dependence,1.03202153918762e-08,poisson,HAC-Wald,83.4267135430094,4.03393718359811e-08,0.00209029598627597,0.468305041300188,FALSE,,0.0635350997264736,-0.0252410707924061,0.00397635938579587,-0.0223229548337265,TRUE,,3.44007179729206e-08,TRUE,primary_inferential,all_eligible_classes
060106,Diabetic diagnostic and monitoring agents,3.47872522894322e-08,poisson,HAC-Wald,348.81606997778,4.98968270765032e-09,0.000495532161956414,12,TRUE,,-0.00430538883396519,-0.00618832379956549,0.00314533402386831,-0.000598422519125231,TRUE,,1.14226798562315e-07,TRUE,primary_inferential,all_eligible_classes
050113,Urinary-tract infections,6.36718162724136e-08,negbin,NB-LRT,414.510116512898,3.12099938024888e-10,0.10914368701706,,,1063.75747261991,-0.0391331245414254,0.0274839877428993,0.00744209911137433,-0.0128887000933962,TRUE,,2.05997052646044e-07,TRUE,primary_inferential,all_eligible_classes
070401,Drugs for urinary retention,1.34839814828667e-07,poisson,HAC-Wald,504.717795027916,8.21736777376344e-10,2.44767751933495e-06,12,TRUE,,-0.000263963842529474,0.00508676815095991,-0.00342042528580261,0.00212041124041693,TRUE,,4.29924047279809e-07,TRUE,primary_inferential,all_eligible_classes
060402,Male sex hormones and antagonists,2.04934035000003e-07,poisson,HAC-Wald,263.700545134648,7.74577755369309e-10,5.57225493535984e-06,12,TRUE,,-0.00236701829027735,0.00492876233840216,-0.00403870322448047,0.00167577952684564,TRUE,,6.44078395714296e-07,TRUE,primary_inferential,all_eligible_classes
090201,Oral preparation for fluid and electrolyte imbalance,2.79445014443342e-07,negbin,NB-LRT,102.575164847216,1.06555616144462e-06,0.143496604070752,,,968.277139869592,-0.0196853920561982,-0.0409216562206613,0.0162946368071114,0.000226067099010987,TRUE,,8.65885960246975e-07,TRUE,primary_inferential,all_eligible_classes
010402,Antimotility drugs,7.14324568042185e-07,poisson,HAC-Wald,92.1352552287555,2.97049272361889e-08,0.000239985382907926,5.04255266768532,FALSE,,-0.010222386030697,-0.0041144188756514,0.000295565349565563,0.00274252912907036,TRUE,,2.18265840235112e-06,TRUE,primary_inferential,all_eligible_classes
050102,Cephalosporins and other beta-lactams,1.42849334664464e-06,negbin,NB-LRT,92.0884766281431,0.000649593830547178,0.0905319736324246,,,1033.17080062758,-0.00920067149624489,0.0421189585318289,0.0077227908587405,0.00451479151025908,TRUE,,4.30504844194276e-06,TRUE,primary_inferential,all_eligible_classes
010301,H2-receptor antagonists,1.83653576003551e-06,poisson,HAC-Wald,167.286314495114,4.9081805097146e-07,1.75915624779366e-05,6.78293563018824,FALSE,,-0.005019852476676,0.00918470123008102,-0.00105044020204646,0.00380443695589293,TRUE,,5.45997117848395e-06,TRUE,primary_inferential,all_eligible_classes
040701,Non-opioid analgesics and compound preparations,2.87719695746866e-06,poisson,HAC-Wald,1817.33377929481,3.70719922794127e-09,8.02114249620622e-06,12,TRUE,,0.000754409542715705,0.00515269244198119,-0.00366829633188229,0.00219346927329848,TRUE,,8.43977774190808e-06,TRUE,primary_inferential,all_eligible_classes
020702,Vasoconstrictor sympathomimetics,7.99350184640877e-06,poisson,HAC-Wald,13.9943851812449,5.08979739611761e-08,0.000443605232850364,4.77844402169635,FALSE,,-0.0111992335254133,0.00864882264185392,0.000773934420697456,0.00431615982795852,TRUE,,2.31390842922359e-05,TRUE,primary_inferential,all_eligible_classes
030102,Antimuscarinic bronchodilators,2.96069984013973e-05,poisson,HAC-Wald,167.843927937038,1.62954793604373e-09,1.4111074223333e-05,4.69235631401784,FALSE,,0.000543773848917904,0.00695904533801204,-0.003490233209143,0.00545051305193388,TRUE,,8.45914240039922e-05,TRUE,primary_inferential,all_eligible_classes
060401,Female sex hormones and their modulators,4.03311619917895e-05,negbin,NB-LRT,814.947172104426,2.87464423793485e-06,0.84475308676891,,,1292.55733683938,-0.0217338316329346,-0.0249998270818132,-3.33009674611569e-05,0.00237393395558307,TRUE,,0.000113754559464022,TRUE,primary_inferential,all_eligible_classes
131002,Antifungal preparations,8.13874144972882e-05,poisson,HAC-Wald,364.893942726102,6.99518182007074e-09,0.00949374835134409,0.988684726671532,FALSE,,-0.00369832880154477,-0.0432301649293918,-0.00137080805759858,-0.0161495438488602,TRUE,,0.000226648496068398,TRUE,primary_inferential,all_eligible_classes
040202,Antipsychotic depot injections,8.36753707113196e-05,poisson,HAC-Wald,8.32432628993078,3.78519213569073e-07,3.0644938768476e-05,12,TRUE,,0.00498012151091599,0.00691228739861609,0.00233322898577458,0.00117117692564339,TRUE,,0.000230107269456129,TRUE,primary_inferential,all_eligible_classes
040303,Selective serotonin re-uptake inhibitors,0.000137584648109713,poisson,HAC-Wald,2467.59062727718,2.25553351291853e-09,3.93863201723077e-05,12,TRUE,,0.00226753717051085,0.00307475835552196,-0.00146203697653281,0.00100457560928563,TRUE,,0.000373686698569591,TRUE,primary_inferential,all_eligible_classes
040901,Dopaminergic drugs used in parkinsonism,0.000140706640403457,poisson,HAC-Wald,210.725336888815,3.97078843312711e-09,8.67561475026424e-06,6.95720167031546,FALSE,,-0.00499148242729375,0.00399334304666803,-0.00243662092772877,0.00415168991568931,TRUE,,0.000377505620594641,TRUE,primary_inferential,all_eligible_classes
050108,Sulfonamides and trimethoprim,0.000142650170138692,negbin,NB-LRT,143.833470638384,1.59677421238284e-11,0.0777487990374391,,,1254.45161097265,-0.00633436361030023,0.0296210113162858,0.0028799200974657,-0.00775406323164588,TRUE,,0.000378108884704967,TRUE,primary_inferential,all_eligible_classes
070302,Progestogen-only contraceptives,0.000148250541168724,poisson,HAC-Wald,408.303679268353,3.41112842924092e-08,7.7228156784015e-06,12,TRUE,,0.00751503893967631,-0.00291925897288211,0.00739482653515964,0.000694223121307152,TRUE,,0.000388275226870467,TRUE,primary_inferential,all_eligible_classes
130101,Management of skin conditions,0.000151323203843561,poisson,HAC-Wald,3.10995416390176,0.000317614801972554,0.049726358185212,0.0653582053621488,FALSE,,0.0129364696838833,-0.0128080947538538,-0.000203074416816209,0.000641156778922369,TRUE,,0.000391660057006864,TRUE,primary_inferential,all_eligible_classes
020900,Antiplatelet drugs,0.000157354033672946,poisson,HAC-Wald,1560.20688480403,1.49056673614641e-09,1.37773193364943e-06,12,TRUE,,-0.00175103727339305,0.00261425073730577,-0.00272711279893657,0.00145697026754701,TRUE,,0.000402533574512188,TRUE,primary_inferential,all_eligible_classes
130400,Topical corticosteroids,0.000305558340311728,negbin,NB-LRT,1634.65889293477,1.53125409225191e-07,0.0556323132746279,,,670.9619225288,0.0402341186431939,-0.013261017365179,0.00533540297689137,0.000685880569686945,TRUE,,0.000772676262857242,TRUE,primary_inferential,all_eligible_classes
020101,Cardiac glycosides,0.000313377938621427,poisson,HAC-Wald,135.959680294218,2.46298232616701e-09,1.20448498509562e-05,12,TRUE,,-0.00182929731612994,0.00300996581653765,-0.00269740592196724,0.00296965434860702,TRUE,,0.000783444846553568,TRUE,primary_inferential,all_eligible_classes
130602,Oral preparations for acne,0.000372271803373037,negbin,NB-LRT,12.1499169074117,9.97038066110911e-06,0.0629049636602733,,,933.962862972457,0.037182836444337,-0.0028299273762409,0.00153617537523455,-0.00472973199036667,TRUE,,0.000920222435304135,TRUE,primary_inferential,all_eligible_classes
091101,Amino acids and nutritional agents,0.000397183116567696,poisson,HAC-Wald,144.536789780143,0.00176478868138175,0.0173611370481709,2.90414994473843,FALSE,,-0.551609116687423,0.0845850638206322,-0.279362419514994,0.113383166278305,TRUE,,0.000970892062721036,TRUE,primary_inferential,all_eligible_classes
020504,Alpha-adrenoceptor blocking drugs,0.000461930918456262,poisson,HAC-Wald,360.978570545003,1.54531648504556e-08,1.01505802718727e-06,6.31964522237428,FALSE,,0.00507495874060656,-0.000368989788518928,-0.00328094768637928,0.00143378478701916,TRUE,,0.00111675606659756,TRUE,primary_inferential,all_eligible_classes
131103,Cationic surfactants and soaps,0.00046960849120984,poisson,HAC-Wald,2.53826137434988,0.00804726731268929,0.0224704167430524,4.98628554784174,FALSE,,0.00864682316670203,-0.0180516809073322,-0.0116538702989687,-0.00432633616290532,TRUE,,0.00112297682680614,TRUE,primary_inferential,all_eligible_classes
120202,Topical nasal decongestants,0.000592309980565307,negbin,NB-LRT,36.7843453260882,3.73458448895217e-07,0.200693941585367,,,826.515386804422,0.0320986210020983,0.0143104619837607,0.00716564385776703,0.00690042510363079,TRUE,,0.00140116339488567,TRUE,primary_inferential,all_eligible_classes
110803,Other eye preparations,0.000640734573632258,poisson,HAC-Wald,15.9417902768285,0.00196005461376398,0.0176530728318245,12,TRUE,,-0.0405844907386249,-0.0231859830179905,-0.0482290361653929,0.065287631175918,TRUE,,0.00149959155530954,TRUE,primary_inferential,all_eligible_classes
041003,Opioid dependence,0.000749160458366208,poisson,HAC-Wald,186.092704510777,1.35266514743479e-06,1.9812397316743e-05,5.00872620198166,FALSE,,0.00324318509955644,0.000361120551430236,-0.00424065145335581,0.00780280062004661,TRUE,,0.00172848088230961,TRUE,primary_inferential,all_eligible_classes
050111,"Metronidazole, tinidazole and ornidazole",0.000754246203189646,poisson,HAC-Wald,63.9057777611424,2.15231746610153e-09,0.000105145622319114,6.44466135019438,FALSE,,-0.00680068774715098,0.0127414886955819,0.00643527669544333,-0.0218370957712255,TRUE,,0.00172848088230961,TRUE,primary_inferential,all_eligible_classes
030104,Compound bronchodilator preparations,0.000802385261076942,poisson,HAC-Wald,99.6519957210642,9.79772220760402e-09,2.4124583356544e-06,12,TRUE,,0.00229475375317356,0.00197985994189484,-0.00176099751151069,0.00205927535534641,TRUE,,0.00181984286017451,TRUE,primary_inferential,all_eligible_classes
050107,Some other antibacterials,0.000839546740036727,negbin,NB-LRT,21.052428662131,2.24915202530082e-09,0.176351249259564,,,1630.67475365834,-0.0232456252306029,0.00953878066375899,0.00462761585123012,-0.00412052973937021,TRUE,,0.00188469676334775,TRUE,primary_inferential,all_eligible_classes
020201,Thiazides and related diuretics,0.000855428384835323,poisson,HAC-Wald,566.578500832232,1.29925000787673e-08,1.26536039946057e-06,7.17122296055312,FALSE,,0.00216859940559384,-0.00412187633450908,-0.00295139481057943,0.00192050666721278,TRUE,,0.00190095196630072,TRUE,primary_inferential,all_eligible_classes
090607,Multivitamin preparations,0.000974476054449763,poisson,HAC-Wald,73.4731587452144,4.65946428249294e-07,0.000229071258164182,12,TRUE,,0.000201530645623886,0.00730941785775556,-0.00148113652317984,0.00223245716848928,TRUE,,0.00214384731978948,TRUE,primary_inferential,all_eligible_classes
040201,Antipsychotic drugs,0.00144151800343203,poisson,HAC-Wald,588.58184676975,5.58030716626044e-09,9.77948630731529e-06,12,TRUE,,-0.000849565794627635,0.00475461857939915,-0.000654532273189213,0.00241268438389176,TRUE,,0.00313994020549551,TRUE,primary_inferential,all_eligible_classes
080304,Hormone antagonists,0.00158283323275061,poisson,HAC-Wald,145.829978183278,4.80418564047754e-08,9.41992282802451e-05,12,TRUE,,-0.000114423616401059,0.00319052515546677,-0.000382722037766019,0.00291758860676722,TRUE,,0.00341395403142288,TRUE,primary_inferential,all_eligible_classes
090103,"Hypoplastic,haemolytic and renal anaemias",0.00186569215022089,poisson,Poisson-LRT,1.15647122593001,0.575265803366528,0.138878123393162,,,,-0.0333032009822504,0.00027944369176669,0.0163583110271664,0.0129775598106259,TRUE,,0.00398497352474364,TRUE,primary_inferential,all_eligible_classes
130900,Shampoo and other preparations for scalp and hair conditions,0.00233927342355974,poisson,HAC-Wald,147.777404226208,3.59397775497598e-07,9.29037958017354e-05,12,TRUE,,-0.00464827271901472,-0.00568241496382176,-0.00680409373466411,-0.00608263487988037,TRUE,,0.00494846301137637,TRUE,primary_inferential,all_eligible_classes
070202,Vaginal and vulval infections,0.00242987722453505,poisson,HAC-Wald,136.372188070547,1.50496883096522e-09,0.00202400955572135,0.247021922390715,FALSE,,-0.0220715200037715,0.0157616019195091,0.00835817744200407,-0.0184910396738642,TRUE,,0.00509117132759724,TRUE,primary_inferential,all_eligible_classes
020802,Oral anticoagulants,0.00256231131960187,poisson,HAC-Wald,1077.82400747865,2.83578684983076e-09,2.04285443494712e-06,8.44775966337021,FALSE,,-0.0023638105302847,0.00296033396200316,-0.00233348694601218,0.00299451680949065,TRUE,,0.00531800462558879,TRUE,primary_inferential,all_eligible_classes
020400,Beta-adrenoceptor blocking drugs,0.0039421748193935,poisson,HAC-Wald,2178.09775361402,2.74689417541064e-09,2.8756536436525e-06,10.3992226463978,FALSE,,-0.000317696562804122,0.00245226216969502,-0.00268788008061858,0.00141569081732937,TRUE,,0.0081054061707156,TRUE,primary_inferential,all_eligible_classes
020204,Potassium sparing diuretics and compounds,0.00566574784917059,poisson,HAC-Wald,13.8408039114845,1.12935033457223e-08,0.000260360712749597,3.04122407367291,FALSE,,-0.0104511796627957,-0.000131032764699371,-0.00442966697701822,0.00167898024336515,TRUE,,0.0115413382112734,TRUE,primary_inferential,all_eligible_classes
131001,Antibacterial preparations,0.00580638525052312,poisson,HAC-Wald,241.967838391181,2.04058852427985e-09,0.00075193555628672,2.19614645857186,FALSE,,0.00774528907901355,-0.0181970271847096,-0.00520649697037797,-0.012372136789073,TRUE,,0.0117193096799549,TRUE,primary_inferential,all_eligible_classes
090502,Phosphorus,0.00827047818432251,poisson,HAC-Wald,11.1690018320609,1.72667511374622e-08,0.0105505154134562,5.46035188332304,FALSE,,-0.0131272556614979,9.91275023937447e-05,0.00100370964971501,0.00173412274104676,TRUE,,0.016540956368645,TRUE,primary_inferential,all_eligible_classes
020505,Renin-angiotensin system drugs,0.00841089911301362,poisson,HAC-Wald,3340.4586394788,4.55529346289539e-09,1.7619640987343e-06,10.4092918218958,FALSE,,0.00171300885482816,0.000542269989679653,-0.00262420986734398,0.00215857629155863,TRUE,,0.0166702504942612,TRUE,primary_inferential,all_eligible_classes
041001,Alcohol dependence,0.0107889859139088,poisson,HAC-Wald,8.28857136356974,1.26167133770521e-08,0.00120292205906369,7.40500533620904,FALSE,,-0.00257295015995602,0.00616660101529783,-0.00150457675742373,0.0042131987154104,TRUE,,0.0211926509023209,TRUE,primary_inferential,all_eligible_classes
020203,Potassium-sparing diuretics and aldosterone antagonists,0.0112953821489494,poisson,HAC-Wald,249.507951787082,1.19314102895751e-08,1.1859492103361e-05,12,TRUE,,-0.00490775052499768,0.00186284846640023,-0.00189611840076887,0.00335008374027053,TRUE,,0.0219910094935298,TRUE,primary_inferential,all_eligible_classes
090602,Vitamin B group,0.011631500313391,poisson,HAC-Wald,224.657974611356,6.64689088933798e-09,8.13301396918043e-06,12,TRUE,,-0.00333637852816495,0.00287279656245698,-0.000612183248599674,0.000705348788892772,TRUE,,0.0224467549907545,TRUE,primary_inferential,all_eligible_classes
060101,Insulin,0.0122214433430715,poisson,HAC-Wald,472.188058871455,2.12706377405479e-08,0.000371239659695766,0.99475047165539,FALSE,,0.000479251418288102,0.000577007228422194,-0.00239753080969366,0.0103842338684209,TRUE,,0.0233801524823976,TRUE,primary_inferential,all_eligible_classes
040400,CNS stimulants and drugs used for ADHD,0.0132844812609864,poisson,HAC-Wald,267.527991524233,7.06302694166356e-08,0.00109419544351286,0.428009301684846,FALSE,,0.0162534949447581,-0.00314907195961597,-0.00981431657822896,0.000930265610345289,TRUE,,0.0251947058398018,TRUE,primary_inferential,all_eligible_classes
130300,Topical local anaesthetics and antipruritics,0.0136829355379452,negbin,NB-LRT,52.5898693899152,4.04932087624943e-10,0.222700665204823,,,625.446576659487,0.0228315818182317,-0.0188010715140919,-0.000837928910571463,-0.0136608559200942,TRUE,,0.0257285967380165,TRUE,primary_inferential,all_eligible_classes
021200,Lipid-regulating drugs,0.016305886954498,poisson,HAC-Wald,4501.68414231575,3.71695416640828e-09,1.02264915469164e-06,12,TRUE,,0.00100811799174715,0.00194100853589698,-0.0015938418853677,0.00109791152380006,TRUE,,0.0304008061863522,TRUE,primary_inferential,all_eligible_classes
020603,Other antianginal drugs,0.0173794273800802,poisson,HAC-Wald,127.450222540032,2.92618033365851e-08,1.24190381699529e-05,6.92941516359883,FALSE,,-0.00151343699237564,0.0037213663272904,-0.00215616450212777,0.00265730723339882,TRUE,,0.0321300338119129,TRUE,primary_inferential,all_eligible_classes
040203,Drugs used for mania and hypomania,0.0186743021506259,poisson,HAC-Wald,65.5265195378239,1.36213547214075e-09,6.73392871752832e-06,12,TRUE,,5.40719420223034e-05,0.00414765753971729,-0.00144216154128742,0.00274623078024202,TRUE,,0.0342362206094809,TRUE,primary_inferential,all_eligible_classes
091104,Digestive aids,0.0227407218648549,poisson,HAC-Wald,23.6634641201687,3.444009460377e-05,6.06456632856744e-06,0.991497675850845,FALSE,,-0.18080362380166,-0.000328077345432437,-0.102665682258656,0.0427607059221902,TRUE,,0.0413467670270089,TRUE,primary_inferential,all_eligible_classes
010602,Stimulant laxatives,0.0238292891667736,poisson,HAC-Wald,473.647822245983,1.50972707235156e-09,1.75157045148033e-05,12,TRUE,,-0.00435836905282485,0.00262413462952779,-0.000313197231446277,0.00170211233954745,TRUE,,0.0429708493171327,TRUE,primary_inferential,all_eligible_classes
050201,Triazole antifungals,0.0256031767800988,negbin,NB-LRT,109.307900299948,7.36604147465138e-10,0.247673801160262,,,600.226265443027,-0.0197412940057181,-0.0218268963498822,0.00304141398079314,-0.00410614506609181,TRUE,,0.045794299931884,TRUE,primary_inferential,all_eligible_classes
040801,Control of epilepsy,0.0261655344583563,poisson,HAC-Wald,1669.21112065074,4.83129045570635e-09,1.5146412634115e-06,12,TRUE,,-0.000834631058214197,0.00201620774701049,-0.00190421587666223,0.00313311940024541,TRUE,,0.0462428934317855,TRUE,primary_inferential,all_eligible_classes
130601,Topical preparations for acne,0.02627437126806,poisson,HAC-Wald,245.449823277632,6.05684135286238e-10,5.83686527465543e-05,2.29095367680766,FALSE,,0.000261508250646653,0.00155799319843117,0.000678904927367528,-0.0242708592187247,TRUE,,0.0462428934317855,TRUE,primary_inferential,all_eligible_classes
130802,Camouflagers,0.0366237061399269,poisson,HAC-Wald,7.48953978164311,2.58587549079667e-05,0.0075988855395307,0.23804803588201,FALSE,,-0.00349158739063149,-0.0302971793675777,0.00485444520305312,0.0010396199294054,TRUE,,0.0639461535776501,FALSE,primary_inferential,all_eligible_classes
060602,Bisphosphonates and other drugs,0.0401002984017481,poisson,HAC-Wald,348.219332424304,3.54672398247626e-09,9.95902657817682e-05,2.82809274773499,FALSE,,-0.00482760287452723,0.00343474845890797,-0.00219470696155116,-0.0002278745293816,TRUE,,0.0694650838455479,FALSE,primary_inferential,all_eligible_classes
050302,Herpesvirus infections,0.0452204142979681,poisson,HAC-Wald,73.3715446506423,1.27981182277906e-06,0.00352727412158715,4.55903016254555,FALSE,,-0.00313329581865188,-0.00654964446885682,0.00253748610854559,0.00864285966644289,TRUE,,0.0771200863996355,FALSE,primary_inferential,all_eligible_classes
050404,Antigiardial drugs,0.0450023204106706,negbin,NB-LRT,1.87010808607267,0.0277624778733471,0.738630550578359,,,241.821730385499,0.0110658854871417,-0.0687698380052264,-0.0171261798365491,-0.00816140998006361,TRUE,,0.0771200863996355,FALSE,primary_inferential,all_eligible_classes
010101,Antacids and simeticone,0.0501685471835311,poisson,HAC-Wald,39.6581184769776,1.31416493753589e-07,0,5.14528663667264,FALSE,,-0.00473654206589696,0.0414328181428232,0.00808368642709902,0.00527107084253318,TRUE,,0.0849006183105911,FALSE,primary_inferential,all_eligible_classes
010200,Antispasmodics and other drugs altering gut motility,0.0561855248029453,poisson,HAC-Wald,327.746361169744,1.57076984757212e-09,0.0489507449621495,6.36549183432185,FALSE,,-0.00553183264444961,-0.00106657893225309,-0.00187452550801102,0.00109603885029083,TRUE,,0.0936735611860228,FALSE,primary_inferential,all_eligible_classes
131102,Chlorhexidine salts,0.0562041367116137,poisson,HAC-Wald,147.661553007133,1.31946279875525e-05,1.91439863961307e-10,2.75381103636083,FALSE,,0.0116333768326172,-0.0621782403188156,0.0066475183945757,0.0164278702077974,TRUE,,0.0936735611860228,FALSE,primary_inferential,all_eligible_classes
030303,Phosphodiesterase Type-4 inhibitors,0.058872608750341,poisson,HAC-Wald,1.45923563403042,0.166832123922643,0.00335596123893756,0.219221078766627,FALSE,,-0.00901089367383406,0.00580279435450495,-0.0112198221522258,0.0095643479177617,TRUE,,0.097383262594549,FALSE,primary_inferential,all_eligible_classes
070402,Drugs for urinary frequency enuresis and incontinence,0.0622113366876744,poisson,HAC-Wald,467.829447931433,1.91501055360369e-09,1.33152516074153e-05,10.3944884924863,FALSE,,-0.000616234629227999,0.00136747074614977,-0.00276130505545836,0.0027986393416982,TRUE,,0.102138015457376,FALSE,primary_inferential,all_eligible_classes
100202,Skeletal muscle relaxants,0.0665183150345376,poisson,HAC-Wald,92.0629199967205,9.28018065562929e-09,1.49121720390832e-05,12,TRUE,,-0.0003792217196529,0.00173523274347624,-0.000955584316538532,0.00392618814492625,TRUE,,0.108400217093321,FALSE,primary_inferential,all_eligible_classes
070305,Emergency contraception,0.0693910404502575,poisson,HAC-Wald,26.8005445301691,4.95813698788099e-06,0.0100833446906268,0.310756234127812,FALSE,,-0.0290589929407708,-0.0433159695811633,0.0128963632557206,-0.0246660442940336,TRUE,,0.112250212493064,FALSE,primary_inferential,all_eligible_classes
091102,Enzymes,0.0707881244426897,poisson,HAC-Wald,17.8463803673564,3.28435606487689e-07,5.55993122319798e-07,3.67655993725065,FALSE,,-0.126948555130424,0.0155154166183878,-0.0725688592845092,0.0336142198456953,TRUE,,0.113674360418918,FALSE,primary_inferential,all_eligible_classes
010300,Test for helicobacter pylori,0.0767519057696938,negbin,NB-LRT,9.6555584171536,5.99087758052643e-07,0.0533008183167891,,,132.006120055729,0.0409305404063537,0.0301268017025818,-0.00302861611378816,-0.028498071755246,TRUE,,0.122358110647338,FALSE,primary_inferential,all_eligible_classes
020302,Drugs for arrhythmias,0.0917883785341271,poisson,HAC-Wald,51.00728476057,7.42133864952289e-06,0.00758376204404665,3.56022152505131,FALSE,,0.000275928656394033,0.00246841149509135,-0.000935061207651886,0.0040637114081205,TRUE,,0.145276570341784,FALSE,primary_inferential,all_eligible_classes
040902,Antimuscarinic drugs used in parkinsonism,0.104858004049532,poisson,HAC-Wald,50.8124917426413,4.62166838089784e-09,6.66961245787689e-07,12,TRUE,,-0.00213185933361475,0.00375969880193064,1.62198171675209e-05,0.00172284693133992,TRUE,,0.164776863506407,FALSE,primary_inferential,all_eligible_classes
020501,Vasodilator antihypertensive drugs,0.105618565978231,poisson,HAC-Wald,12.6682289538254,2.08181233874099e-07,6.75123303806036e-06,12,TRUE,,-0.00198915829055676,0.00309667290977976,-0.00307275507497618,0.00279599587522995,TRUE,,0.164794925639792,FALSE,primary_inferential,all_eligible_classes
010605,Bowel cleansing preparations,0.109123593290622,negbin,NB-LRT,2.48065470145223,0.00368903564106415,0.110118534229895,,,858.079273283721,0.00335562345129581,0.013310266533378,-0.00244359587899534,0.0243260552505318,TRUE,,0.169064721999555,FALSE,primary_inferential,all_eligible_classes
010305,Proton pump inhibitors,0.110167680449236,poisson,HAC-Wald,3796.99225760048,6.17932840332904e-09,1.25667500024962e-05,7.36006330370972,FALSE,,0.000540966088110835,0.00290175277721738,-0.00155466225353738,0.00116905318837643,TRUE,,0.16948873915267,FALSE,primary_inferential,all_eligible_classes
131005,Preparations for minor cuts and abrasions,0.110968366096849,poisson,HAC-Wald,12.5334310525646,6.04374497796804e-09,0.0357419547674809,0.380403751720677,FALSE,,-0.0264622704851714,0.0506943806232658,-0.0191909356714033,-0.0035753043165586,TRUE,,0.169535003759075,FALSE,primary_inferential,all_eligible_classes
080201,Antiproliferative immunosuppressants,0.122138582182602,poisson,HAC-Wald,42.3658890589975,4.52402098659422e-08,0.000241646490117153,10.5410494277127,FALSE,,-0.00154345194995737,0.0020886306814329,-0.00136140118164482,0.00429257797332531,TRUE,,0.185313710897741,FALSE,primary_inferential,all_eligible_classes
010502,Corticosteroids,0.125372391241848,negbin,NB-LRT,6.90966609490621,1.96544408050681e-08,0.150481603977932,,,1967.57895266109,-0.0120873655719852,-0.00578087436649114,0.00159960576689906,0.00528230020081939,TRUE,,0.188917301871277,FALSE,primary_inferential,all_eligible_classes
080202,Corticosteroids and other immunosuppressants,0.126646642068296,poisson,HAC-Wald,5.89053311265289,6.91881103723777e-06,0.00724692245529013,2.82334580375882,FALSE,,-0.00190281413996641,0.00487968277170673,-0.00141587319535059,0.00400686521169765,TRUE,,0.189539192211055,FALSE,primary_inferential,all_eligible_classes
010901,Drugs affecting biliary composition and flow,0.159407615876088,poisson,HAC-Wald,19.3549100822121,4.46250984492687e-07,0.000876905732343669,1.82753450346874,FALSE,,-0.00272919272643723,0.00326315844186894,-0.00354712830227688,0.00397913451417872,TRUE,,0.235366949615701,FALSE,primary_inferential,all_eligible_classes
120304,"Mouth-washes, gargles and dentifrices",0.159051129054171,poisson,HAC-Wald,11.2846124418556,4.05810705306105e-07,0.030778171188093,1.99444555500327,FALSE,,-0.00843809514322402,-0.00812888935258525,0.000954625597003837,0.000896706427919236,TRUE,,0.235366949615701,FALSE,primary_inferential,all_eligible_classes
020801,Parenteral anticoagulants,0.170025891541769,negbin,NB-LRT,11.9298090584007,9.1019025277246e-07,0.13081497817292,,,2046.25992012489,-0.00522528784157726,-0.0102668418032306,0.00360589351352767,-0.00324831545181502,TRUE,,0.249371307594594,FALSE,primary_inferential,all_eligible_classes
050109,Antituberculosis drugs,0.17224889503397,negbin,NB-LRT,5.56849326237068,1.99760448033525e-05,0.309247456903996,,,438.661947994409,-0.0195754452450359,-0.0022252251353337,-0.0202897768935933,0.010091195226494,TRUE,,0.25095865501638,FALSE,primary_inferential,all_eligible_classes
040702,Opioid analgesics,0.188364821943666,poisson,HAC-Wald,1197.09831864938,1.98929148642639e-09,1.65329267531877e-06,12,TRUE,,-0.000507913438101393,0.000889007900369561,-0.00347665576616423,0.000870940436044439,TRUE,,0.272633294918465,FALSE,primary_inferential,all_eligible_classes
040903,"Essential tremor,chorea,tics and related disorders",0.201588235169062,poisson,HAC-Wald,4.58202514657924,6.95155862560622e-06,0.00492940291454569,0.397778273064714,FALSE,,-0.00143199058575375,0.0116977091098185,-6.68637347130967e-05,0.00748560101522751,TRUE,,0.289865436190808,FALSE,primary_inferential,all_eligible_classes
010302,Selective antimuscarinics,0.203614731650302,poisson,Poisson-LRT,1.89957771834202,0.0789736644758787,0.221122594544791,,,,0.00266129323951904,-0.0151841771174832,-0.0326824131022511,0.00728408703287814,TRUE,,0.290878188071861,FALSE,primary_inferential,all_eligible_classes
080105,Other antineoplastic drugs,0.209553562238757,poisson,HAC-Wald,7.44116181354236,6.39820518880112e-05,0.00518294782991147,0.574721133421087,FALSE,,-0.00252973666618598,0.00609725799726859,0.000967501412580678,0.00480822985230086,TRUE,,0.296686411052451,FALSE,primary_inferential,all_eligible_classes
120305,Treatment of dry mouth,0.210377636928101,negbin,NB-LRT,3.66973609252071,0.000203288512546807,0.787137084273453,,,1279.86425829308,-0.00348875757179685,-0.0106023315502182,0.000284690526103017,0.0134111396948604,TRUE,,0.296686411052451,FALSE,primary_inferential,all_eligible_classes
010504,Food allergy,0.224525145314825,negbin,NB-LRT,1.94938535277237,0.0144086636948814,0.11086286117908,,,2160.259024713,-0.00842144168878139,0.00412954328792204,0.00929645341733798,0.0116482276616641,TRUE,,0.31408709366056,FALSE,primary_inferential,all_eligible_classes
070405,Drugs for erectile dysfunction,0.225571639992584,poisson,HAC-Wald,251.916160938426,4.63070932097091e-10,0.000253497373223999,9.74744443095478,FALSE,,-0.00547594314781327,0.00296453275156979,0.00335858451367168,0.000602213455641851,TRUE,,0.31408709366056,FALSE,primary_inferential,all_eligible_classes
130501,Preparations for eczema,0.227485304528752,poisson,HAC-Wald,9.67387488261068,3.0107486081631e-06,8.53284138784272e-05,0.751651529938332,FALSE,,-0.0297311693735007,0.0657061337343637,-0.024362524242344,0.0368747943363938,TRUE,,0.314759540857393,FALSE,primary_inferential,all_eligible_classes
010904,Pancreatin,0.233517566505959,negbin,NB-LRT,109.613519442373,1.38568670934458e-05,0.580052483884339,,,685.060341731826,0.000261596047396686,0.0077826193690375,-0.0163091870343409,0.00700813154130398,TRUE,,0.319092326902552,FALSE,primary_inferential,all_eligible_classes
040802,Drugs used in status epilepticus,0.232615725886106,poisson,HAC-Wald,50.9767166323822,3.4855045093004e-06,0.0101245105498557,1.13371940928907,FALSE,,-0.0239669282400221,-0.0442902816413359,-0.000348916325261672,-0.0252898415209817,TRUE,,0.319092326902552,FALSE,primary_inferential,all_eligible_classes
090606,Vitamin K,0.243943243019278,negbin,NB-LRT,4.42871504713231,5.60382721919307e-06,0.173648926035112,,,379.192056103752,-0.00408643936139615,0.0290775937137988,0.00220594964087687,-0.00185664433553413,TRUE,,0.331280947310131,FALSE,primary_inferential,all_eligible_classes
060502,Posterior pituitary hormones and antagonists,0.259913016626509,poisson,HAC-Wald,26.4165678324671,4.34955246851841e-06,0.00448563869862439,0.593501900993643,FALSE,,-0.00314797404703746,-0.000459073280953553,-0.0075240113238637,0.00777400905373935,TRUE,,0.350802844526577,FALSE,primary_inferential,all_eligible_classes
100103,Rheumatic disease suppressant drugs,0.261865314954899,poisson,HAC-Wald,164.258749006589,2.72024923321098e-09,4.45422115212812e-05,11.3785340802299,FALSE,,-0.00268717578125234,0.000617331016293343,-0.00155800540219604,0.00307211148479233,TRUE,,0.351282739573645,FALSE,primary_inferential,all_eligible_classes
010501,Aminosalicylates,0.26351128194953,poisson,HAC-Wald,120.740246034053,7.23518211677749e-09,1.98218267344341e-05,3.79677625755352,FALSE,,-0.00144006330629237,0.00144484812729069,-0.00181784157393695,0.00559752155357919,TRUE,,0.351348375932707,FALSE,primary_inferential,all_eligible_classes
030103,Theophylline,0.267582095158541,poisson,HAC-Wald,27.2258695143112,1.70601287036188e-08,0.00101838644387042,4.651832065169,FALSE,,-0.00163901306410736,0.00180436857168173,-0.00309360707834921,-0.000355255115992605,TRUE,,0.354626873101681,FALSE,primary_inferential,all_eligible_classes
090102,Drugs used in megaloblastic anaemias,0.27990935742487,poisson,HAC-Wald,855.478582956264,1.10141868443646e-08,0.0323476294684538,1.15070154846145,FALSE,,-0.00494848602375105,-0.00728038202360875,0.00291738514789341,-0.0026363454505565,TRUE,,0.368742866068691,FALSE,primary_inferential,all_eligible_classes
010303,Chelates and complexes,0.284559213035872,negbin,NB-LRT,4.64241942772742,0.000631341145226369,0.723395224739926,,,608.616361747189,0.0126811035011582,0.0022745504629089,-0.0177586879428768,-0.00312251536165994,TRUE,,0.372637064689833,FALSE,primary_inferential,all_eligible_classes
010606,Peripheral opioid-receptor antagonists,0.290156031165911,poisson,HAC-Wald,25.9645961554492,8.4450236417368e-10,0.000884471032709278,4.61948074660947,FALSE,,-0.0398493191644747,0.0479654412221654,-0.0062575179396302,0.0108347113623107,TRUE,,0.377717910393493,FALSE,primary_inferential,all_eligible_classes
070201,Preparations for vaginal and vulval changes,0.294329210951934,poisson,HAC-Wald,261.677624584294,1.31654036005148e-11,0.0101653857278584,6.75001812505178,FALSE,,-0.00482063817947539,0.00359066124891974,-0.0044926338560122,5.37679775291892e-05,TRUE,,0.380896625937797,FALSE,primary_inferential,all_eligible_classes
070406,Drugs for premature ejaculation,0.306552536931635,poisson,HAC-Wald,1.70849738199343,0.0254356170841166,7.79551689589209e-06,5.79398406143041,FALSE,,5.48579767797799e-05,-0.00126024160772267,0.0122945375557337,0.00424636791973282,TRUE,,0.39439507675415,FALSE,primary_inferential,all_eligible_classes
110801,"Tear deficiency, eye lubricant and astringent",0.314978527977482,poisson,HAC-Wald,4275.26843018828,2.83276651010808e-09,0,2.22698655906687,FALSE,,0.0263206903503495,0.0423609203246873,-0.0462427786522922,-0.00173242818177402,TRUE,,0.402879512529337,FALSE,primary_inferential,all_eligible_classes
110600,Treatment of glaucoma,0.319067632761775,poisson,HAC-Wald,457.604834866808,8.80229999283777e-10,5.60172560915007e-06,6.41840334210109,FALSE,,-0.00240720268427833,-1.12667523308749e-05,-0.00317869740034792,0.0022591047157369,TRUE,,0.405750746864685,FALSE,primary_inferential,all_eligible_classes
091200,Other health supplements,0.323321749013318,negbin,NB-LRT,26.75648831279,0.0327710364589569,0.195263340460777,,,505.415676885789,0.00423636177982207,0.0102296116607143,-0.0172988047503902,0.00317757568109501,TRUE,,0.408797613695,FALSE,primary_inferential,all_eligible_classes
010604,Osmotic laxatives,0.327769877258757,poisson,HAC-Wald,739.943925174258,4.8176015208583e-12,0.00349906475582262,2.28443649217452,FALSE,,0.00173430898527212,0.0060233758482804,0.000583678913023838,0.000750136319731784,TRUE,,0.411692559020789,FALSE,primary_inferential,all_eligible_classes
040102,Anxiolytics,0.329354047216631,poisson,HAC-Wald,312.372893262449,2.30842163935712e-09,1.2286389665217e-05,10.0629152644306,FALSE,,-0.00121175509631684,0.00294712256552708,-0.00158595345600874,-0.00110247158007311,TRUE,,0.411692559020789,FALSE,primary_inferential,all_eligible_classes
131500,Miscellaneous topical preparations,0.339821710831133,poisson,Poisson-LRT,1.57439445912066,0.080439820874761,0.158606513927329,,,,0.00868167552788992,-0.0304418677480632,0.00428494925101294,0.0182227934553066,TRUE,,0.422377267699714,FALSE,primary_inferential,all_eligible_classes
100201,Drugs which enhance neuromuscular transmission,0.346228600287525,negbin,NB-LRT,12.2452848988909,0.000997476266172062,0.281639981838238,,,741.043903558314,-0.0132089622226257,-0.000816886516436921,0.0108074326431873,0.00273410331951233,TRUE,,0.427922989119413,FALSE,primary_inferential,all_eligible_classes
050110,Antileprotic drugs,0.355417430086929,poisson,HAC-Wald,1.51693816880843,0.114584116567876,0.00278120439540874,1.37285026413761,FALSE,,-0.000867174101399374,0.0052529975769273,0.00291266548439335,0.00317483730802832,TRUE,,0.436825891726952,FALSE,primary_inferential,all_eligible_classes
110802,Ocular diagnostic & peri-operative prepn & photodynamic tt,0.357474334403165,negbin,NB-LRT,11.6425453828445,2.92781557329207e-05,0.252508968875198,,,1068.22469964591,-0.00914356709472701,-0.00595249421724929,-0.00940008693203466,0.00207551288623561,TRUE,,0.436913075381646,FALSE,primary_inferential,all_eligible_classes
060201,Thyroid hormones,0.410947824256234,poisson,HAC-Wald,1630.5888308624,8.11147213105072e-09,8.04159863909693e-06,12,TRUE,,-0.0020240047726768,0.000436627035188017,-0.00172364902334735,0.00298268737423497,TRUE,,0.499494593018627,FALSE,primary_inferential,all_eligible_classes
090501,Calcium and magnesium,0.419487322844564,poisson,HAC-Wald,35.1829974104815,6.36720691662888e-07,0.00388028817894193,2.71322073031509,FALSE,,-0.00385448418174631,-0.00216661811383961,-0.00331851749869726,0.000575720077956156,TRUE,,0.507072588053869,FALSE,primary_inferential,all_eligible_classes
020502,Centrally-acting antihypertensive drugs,0.43445263797101,poisson,HAC-Wald,22.5595098400795,1.11862567940225e-09,0.000286292719795744,1.33603073077548,FALSE,,0.00234006450378686,0.00454495846428437,-0.00197939456539156,0.00397452278773986,TRUE,,0.522292788817607,FALSE,primary_inferential,all_eligible_classes
060501,Hypothalamic & anterior pituitary hormone & antioestrogens,0.458437540719042,negbin,NB-LRT,4.86911293496651,0.000269651414070409,0.398206016201612,,,1141.94911140773,0.00831285010456969,-0.00742119022233016,0.00786329385686648,0.00316324311584762,TRUE,,0.545517828547879,FALSE,primary_inferential,all_eligible_classes
060701,Bromocriptine and other dopaminergic drugs,0.458730901278898,poisson,HAC-Wald,4.57841630357521,3.29039745424991e-06,0.0186377931834475,2.1826578603193,FALSE,,0.00285653170831393,0.000426535509946322,-0.000645150129209326,0.00383887993686806,TRUE,,0.545517828547879,FALSE,primary_inferential,all_eligible_classes
090503,Fluoride,0.504677328959896,poisson,HAC-Wald,10.4577190693897,1.42448628246193e-09,0.0294480941347172,10.3916484524221,FALSE,,-0.00614212034186222,0.00181892771540677,0.00409752740730914,0.000978126220553638,TRUE,,0.596930174038586,FALSE,primary_inferential,all_eligible_classes
010603,Faecal softeners,0.521195234502763,negbin,NB-LRT,1.87072027802648,0.0198419651091825,0.106442732578227,,,260.097557864413,0.00691461626592379,-0.0137520769906128,-0.0267678436778559,-0.023584337070077,TRUE,,0.609909316971319,FALSE,primary_inferential,all_eligible_classes
131104,Chlorine and iodine,0.519071487141483,poisson,HAC-Wald,2.31917231883063,0.0579162621809721,0.0395457536644728,4.13034003741384,FALSE,,-0.0131057143016367,0.0404071483159005,-0.0156395329936873,-0.00562667605309011,TRUE,,0.609909316971319,FALSE,primary_inferential,all_eligible_classes
091000,Compound vitamin and mineral formulations,0.52415315695967,negbin,NB-LRT,7.60331049095265,3.11720171954804e-05,0.188748027090894,,,2069.67064727253,-0.0090184778252436,0.00210952204412091,3.06291250541323e-05,0.0013000996537747,TRUE,,0.610125367889563,FALSE,primary_inferential,all_eligible_classes
050301,HIV infection,0.529019013236658,poisson,HAC-Wald,2.03829196825023,0.0135535280896344,0.00150002892313916,0.687815554848352,FALSE,,-0.0328819856758682,0.0243900611343283,-0.00679973857937375,0.0149569015187036,TRUE,,0.61254833111613,FALSE,primary_inferential,all_eligible_classes
130202,Barrier preparations,0.55357005060333,poisson,HAC-Wald,82.5920715340988,2.4565268204356e-07,0,9.61576346848714,FALSE,,-0.00951344058677584,0.00343337253642218,-0.0034507439588077,0.000855073952682254,TRUE,,0.637619953574516,FALSE,primary_inferential,all_eligible_classes
060403,Anabolic steroids,0.614302611515472,negbin,NB-LRT,4.50873267859033,0.000703884830042065,0.0799856228638379,,,166.60929778482,-0.00528781180300797,0.0251749801216812,-0.0139516198760695,-0.00866533835446655,TRUE,,0.703888409028146,FALSE,primary_inferential,all_eligible_classes
020601,Nitrates,0.635286277323833,poisson,HAC-Wald,333.105700641681,1.91870507362386e-08,2.29327440620652e-05,1.21214271521976,FALSE,,2.40404655552365e-05,0.000239869682866936,-0.00447718638696181,0.00167216888563177,TRUE,,0.723508230808036,FALSE,primary_inferential,all_eligible_classes
070403,Drugs used in urological pain,0.638002712621631,negbin,NB-LRT,7.34868479842223,8.63729114524313e-06,0.0899402391243717,,,443.417121120399,-0.00804630153525162,0.0143329344756568,0.00317809647839309,-0.00442783829824594,TRUE,,0.723508230808036,FALSE,primary_inferential,all_eligible_classes
010601,Bulk-forming laxatives,0.646367655808837,poisson,HAC-Wald,365.442643354531,0.00993593322952373,2.16524044260868e-06,2.85077216493887,FALSE,,0.00250196855381058,-0.0375481891858113,-0.000722815049753606,-0.0201021889774386,TRUE,,0.729235303989457,FALSE,primary_inferential,all_eligible_classes
040704,Antimigraine drugs,0.663928731344798,poisson,HAC-Wald,261.554150029144,3.4603373053262e-08,0.00756027872172138,3.32787801853514,FALSE,,-0.00156760766432482,0.000585920191932776,-0.00318421901687876,0.00257182563777174,TRUE,,0.745226127019671,FALSE,primary_inferential,all_eligible_classes
090603,Vitamin C,0.671669926738018,poisson,HAC-Wald,4.20204557909922,1.8481557983218e-05,0.00110791413275435,2.46755812975464,FALSE,,-0.00398990186806734,0.00217198802355216,-0.000398769597418186,0.0052570548325521,TRUE,,0.750088243057685,FALSE,primary_inferential,all_eligible_classes
060202,Antithyroid drugs,0.679510956642889,poisson,HAC-Wald,37.3482447831331,2.30091496483762e-07,0.000992377326089033,0.749211316699007,FALSE,,-0.00328194894578861,0.000923056889641421,-0.000857474285656943,0.00371514223990755,TRUE,,0.755012174047654,FALSE,primary_inferential,all_eligible_classes
090801,Drugs used in metabolic disorders,0.691850136470279,poisson,HAC-Wald,5.51415308466089,5.46882911072677e-05,9.16980935627976e-11,2.79129683172275,FALSE,,-0.0254302164961607,0.0315512520894612,-0.0125180572725547,-0.0113171261017611,TRUE,,0.764859447354077,FALSE,primary_inferential,all_eligible_classes
080103,Antimetabolites,0.699763170387333,poisson,HAC-Wald,31.0227634590682,4.47358361094866e-05,0.00182618570338211,8.68651792832795,FALSE,,-0.0148303473640734,-0.0188409459101739,0.00320321671469858,0.00607452153067225,TRUE,,0.769739487426067,FALSE,primary_inferential,all_eligible_classes
120302,Oropharyngeal anti-infective drugs,0.707644776296027,poisson,HAC-Wald,410.752451013724,7.41673808771072e-06,1.71753377742334e-07,1.13496390203526,FALSE,,-0.0122797882298887,-0.00847615116280476,0.00742804418533966,0.0215768160628317,TRUE,,0.774536571070278,FALSE,primary_inferential,all_eligible_classes
090605,Vitamin E,0.724970560349131,negbin,NB-LRT,2.62010058267402,0.00087251022747934,0.159719014899802,,,1838.39975193367,0.00262553816840776,0.00460878834538688,-0.00249543468098017,0.00739236950978617,TRUE,,0.789571897409945,FALSE,primary_inferential,all_eligible_classes
010607,Other drugs used in constipation,0.756450589537254,poisson,HAC-Wald,15.8863734839852,4.80547700957801e-06,2.27422329103222e-05,4.97601933676459,FALSE,,-0.0022985596816305,-2.28363935393634e-05,-0.00136929025611139,0.00395407420181852,TRUE,,0.815780047540176,FALSE,primary_inferential,all_eligible_classes
080301,Oestrogens,0.75614737591685,poisson,HAC-Wald,1.09191246975561,0.72280276953271,0.0352699836127034,1.30056194108379,FALSE,,0.0107663790886604,0.0188767556874654,0.0054493185198178,0.0050085178916861,TRUE,,0.815780047540176,FALSE,primary_inferential,all_eligible_classes
050104,Aminoglycosides,0.774572337578186,poisson,Poisson-LRT,1.026899234735,0.822279017160439,0.206610383557194,,,,0.00202537830523896,0.0116367731814825,0.00968242408232416,-0.00665501914580869,TRUE,,0.831248362279029,FALSE,primary_inferential,all_eligible_classes
040302,Monoamine-oxidase inhibitors (maois),0.783739182955987,negbin,NB-LRT,3.14707093757899,0.000264931615423522,0.756494705311825,,,914.076856434074,0.00532864025866176,0.00542781989805469,-0.00662830042050452,-0.00538833627724192,TRUE,,0.832959518117474,FALSE,primary_inferential,all_eligible_classes
131301,Medicated stockings,0.78056216229293,poisson,HAC-Wald,10.7985906872167,0.00155714586098828,0.00612154314229108,2.98993264399359,FALSE,,-0.0270240843128026,-0.0186624056610509,0.00364344014021667,-0.00303534678015359,TRUE,,0.832959518117474,FALSE,primary_inferential,all_eligible_classes
020604,Peripheral vasodilators and related drugs,0.798309479473193,negbin,NB-LRT,16.8355424152805,2.39821725716279e-06,0.382809406232262,,,1029.74377211208,-0.00231247881368688,-0.00346970184411632,-0.00644612542802744,0.00410741073862683,TRUE,,0.844365795596646,FALSE,primary_inferential,all_eligible_classes
060102,Antidiabetic drugs,0.826673370624827,poisson,HAC-Wald,2718.72485976067,1.4621493187699e-07,1.6105387793397e-05,3.39367703584025,FALSE,,-0.00239725665043844,-0.00023994484753542,-0.00175659931383367,0.00152583435970973,TRUE,,0.870182495394554,FALSE,primary_inferential,all_eligible_classes
010304,Prostaglandin analogues,0.831748997764157,poisson,Poisson-LRT,0.836547991108356,0.986421087043893,0.657864110591398,,,,-0.0114624151843102,0.00289011604985127,-0.011745331972232,0.000478243993586378,TRUE,,0.871356092895784,FALSE,primary_inferential,all_eligible_classes
080100,Drugs for cytotoxic-induced side-effects,0.856326379573366,poisson,Poisson-LRT,1.28447467624677,0.371410697924815,0.0765996938937109,,,,-0.0044626068288349,0.0045245956059997,-0.00482253417111289,0.0137171242864916,TRUE,,0.892852149318202,FALSE,primary_inferential,all_eligible_classes
050303,Viral hepatitis,0.865131890964639,poisson,HAC-Wald,1.80754958202473,0.043642368388541,7.81532664706486e-06,4.47720460104585,FALSE,,-0.0313034723908553,0.0112044853468734,0.00838210553856652,0.0142394404964681,TRUE,,0.897778377416134,FALSE,primary_inferential,all_eligible_classes
110401,Corticosteroids,0.910471825459964,poisson,HAC-Wald,58.4099544440946,1.43323412157423e-10,0.00733414993601966,2.33178107259697,FALSE,,0.00156765665956135,-0.00293117728835687,-0.00175830649510789,-0.00165034281252185,TRUE,,0.940393434747381,FALSE,primary_inferential,all_eligible_classes
050203,Polyene antifungals,0.920594321030824,negbin,NB-LRT,329.764004391485,0.0158396577671722,0.21639452204832,,,194.206987636255,0.000991115385554706,0.00937832995921663,0.0102734662788175,-0.00322175527000491,TRUE,,0.94640537676066,FALSE,primary_inferential,all_eligible_classes
110500,Mydriatics and cycloplegics,0.930198449491295,negbin,NB-LRT,6.4100731048221,1.24041109469249e-07,0.0596823228373549,,,1415.95238641052,-0.00255968277647167,0.00315526068797546,0.000575428466955414,0.00402090853648875,TRUE,,0.951830971572487,FALSE,primary_inferential,all_eligible_classes
060702,Drugs affecting gonadotrophins,0.935403164601523,poisson,HAC-Wald,19.7742368717921,3.0473256433065e-07,0,3.47399355208512,FALSE,,-0.00953246697579688,-0.0311135536725718,-0.00405614273284857,0.00799750418207677,TRUE,,0.952725445427478,FALSE,primary_inferential,all_eligible_classes
080302,Progestogens,0.942079346727417,negbin,NB-LRT,5.25728499287966,0.00214781569773565,0.774702729103192,,,498.104865091161,-0.00174048342839249,0.00738655915899665,-0.0046874550588718,0.00291112041741045,TRUE,,0.954033231010769,FALSE,primary_inferential,all_eligible_classes
090505,Selenium,0.949293089415894,poisson,Poisson-LRT,0.814546701152114,0.99232159062322,0.123978350960822,,,,-0.00295655640990581,0.0112358696905081,-0.0085823462106925,0.00931762951384162,TRUE,,0.954033231010769,FALSE,primary_inferential,all_eligible_classes
090601,Vitamin A,0.949696716324357,negbin,NB-LRT,2.19371258873088,0.000268860324147288,0.0883000920576041,,,2684.03787532213,-0.000614296256805696,0.00208109032473296,0.00144233646696985,0.00424454432523614,TRUE,,0.954033231010769,FALSE,primary_inferential,all_eligible_classes
090504,Zinc and other minerals,0.954960548417782,negbin,NB-LRT,4.14620962806317,5.97779659009838e-06,0.15303196613552,,,1718.45366991363,0.00136612847009615,0.00441233419158784,0.00107679289953731,0.00079266171319055,TRUE,,0.954960548417782,FALSE,primary_inferential,all_eligible_classes
