BNF chapter,BNF class code,BNF class,BNF drug code,Drug (chemical substance),Inference scope,Peak-to-trough ratio,95% CI lower,95% CI upper,Peak month,Trough month,Seasonal shape,Seasonal strength (STL),Trend strength (STL),Distribution,Inference method,Parent class significant,Drug q (BH; all eligible drugs),Meaningful seasonality
Infections,05.03.04,Influenza,0503040B0,Oseltamivir phosphate,Secondary exploratory,158.776,59.316,440.278,Jan,Aug,Unimodal (non-sinusoidal),0.708,0.406,Poisson,Poisson + Newey–West HAC (Wald),Yes,<0.001,Yes
Immunological Products and Vaccines,14.04.00,Vaccines and antisera,1404000H0,Influenza,Secondary exploratory,71.468,45.116,123.978,Nov,Jun,Unimodal (non-sinusoidal),0.875,0.127,Negbin,Negative binomial (LRT),Yes,<0.001,Yes
Skin,13.08.01,Sunscreening preparations,130801000,Other sunscreening preparations,Secondary exploratory,2.688,2.477,2.923,Jun,Jan,Unimodal (non-sinusoidal),0.901,0.205,Negbin,Negative binomial (LRT),Yes,<0.001,Yes
Eye,11.04.02,Other anti-inflammatory preparations,1104020W0,Azelastine hydrochloride,Secondary exploratory,2.647,2.496,2.979,Jun,Jan,Bimodal,0.964,0.018,Poisson,Poisson + Newey–West HAC (Wald),Yes,<0.001,Yes
Eye,11.04.02,Other anti-inflammatory preparations,1104020AC,Epinastine hydrochloride,Secondary exploratory,2.429,2.279,2.636,Jun,Dec,Unimodal (non-sinusoidal),0.939,0.105,Poisson,Poisson (LRT),Yes,<0.001,Yes
Infections,05.01.01,Penicillins,0501013B0,Amoxicillin,Secondary exploratory,2.345,2.019,2.729,Dec,Aug,Unimodal (non-sinusoidal),0.839,0.466,Poisson,Poisson + Newey–West HAC (Wald),Yes,<0.001,Yes
Infections,05.01.05,Macrolides,0501050H0,Erythromycin ethylsuccinate,Secondary exploratory,2.293,1.904,2.808,Dec,Aug,Bimodal,0.703,0.716,Negbin,Negative binomial (LRT),Yes,<0.001,Yes
Eye,11.04.02,Other anti-inflammatory preparations,1104020T0,Sodium cromoglicate,Secondary exploratory,2.273,2.168,2.428,Jun,Jan,Unimodal (non-sinusoidal),0.964,0.451,Poisson,Poisson + Newey–West HAC (Wald),Yes,<0.001,Yes
Respiratory System,03.09.02,Expectorant and demulcent cough preparations,0309020D0,Simple,Secondary exploratory,2.146,1.964,2.356,Dec,Aug,Unimodal (non-sinusoidal),0.892,0.593,Poisson,Poisson + Newey–West HAC (Wald),Yes,<0.001,Yes
Respiratory System,03.09.02,Expectorant and demulcent cough preparations,0309020G0,Guaifenesin,Secondary exploratory,1.939,1.771,2.184,Dec,Jul,Unimodal (non-sinusoidal),0.875,0.562,Negbin,Negative binomial (LRT),Yes,<0.001,Yes
Nutrition and Blood,09.02.01,Oral preparation for fluid and electrolyte imbalance,0902011U0,Potassium chloride,Secondary exploratory,1.861,1.746,2.006,Aug,Dec,Unimodal (non-sinusoidal),0.894,0.182,Negbin,Negative binomial (LRT),Yes,<0.001,Yes
Endocrine System,06.04.01,Female sex hormones and their modulators,0604012P0,Norethisterone,Secondary exploratory,1.847,1.738,1.960,Jul,Dec,Unimodal (non-sinusoidal),0.900,0.166,Negbin,Negative binomial (LRT),Yes,<0.001,Yes
Eye,11.04.02,Other anti-inflammatory preparations,1104020Z0,Olopatadine,Secondary exploratory,1.820,1.740,1.940,Jun,Jan,Unimodal (non-sinusoidal),0.946,0.818,Poisson,Poisson + Newey–West HAC (Wald),Yes,<0.001,Yes
Infections,05.01.03,Tetracyclines,0501030I0,Doxycycline hyclate,Secondary exploratory,1.815,1.610,2.074,Dec,Aug,Unimodal (non-sinusoidal),0.838,0.427,Poisson,Poisson + Newey–West HAC (Wald),Yes,<0.001,Yes
Eye,11.04.02,Other anti-inflammatory preparations,1104020M0,Lodoxamide trometamol,Secondary exploratory,1.698,1.582,1.846,Jun,Jan,Unimodal (non-sinusoidal),0.910,0.615,Poisson,Poisson + Newey–West HAC (Wald),Yes,<0.001,Yes
Eye,11.03.01,Antibacterials,1103010C0,Chloramphenicol,Secondary exploratory,1.679,1.471,1.942,Feb,Sep,Unimodal (non-sinusoidal),0.803,0.591,Poisson,Poisson + Newey–West HAC (Wald),Yes,<0.001,Yes
"Ear, Nose and Oropharynx",12.02.01,Drugs used in nasal allergy,1202010A0,Azelastine hydrochloride,Secondary exploratory,1.668,1.541,1.851,Jun,Feb,Bimodal,0.868,0.089,Poisson,Poisson + Newey–West HAC (Wald),Yes,<0.001,Yes
Infections,05.01.01,Penicillins,0501011P0,Phenoxymethylpenicillin (Penicillin V),Secondary exploratory,1.640,1.433,1.960,Jan,Aug,Unimodal (non-sinusoidal),0.755,0.736,Poisson,Poisson + Newey–West HAC (Wald),Yes,<0.001,Yes
Endocrine System,06.04.01,Female sex hormones and their modulators,0604012M0,Medroxyprogesterone acetate,Secondary exploratory,1.583,1.320,1.972,Jul,Nov,Unimodal (non-sinusoidal),0.573,0.581,Poisson,Poisson + Newey–West HAC (Wald),Yes,<0.001,Yes
Respiratory System,03.04.03,Allergic emergencies,0304030C0,Adrenaline,Secondary exploratory,1.583,1.424,1.801,Aug,Dec,Bimodal,0.828,0.319,Poisson,Poisson + Newey–West HAC (Wald),Yes,<0.001,Yes
Respiratory System,03.10.00,Systemic nasal decongestants,0310000N0,Pseudoephedrine hydrochloride,Secondary exploratory,1.552,1.432,1.711,Dec,Jul,Unimodal,0.713,0.861,Negbin,Negative binomial (LRT),Yes,<0.001,Yes
Eye,11.04.02,Other anti-inflammatory preparations,1104020Y0,Ketotifen fumarate,Secondary exploratory,1.524,1.435,1.645,Jun,Jan,Unimodal (non-sinusoidal),0.893,0.947,Poisson,Poisson + Newey–West HAC (Wald),Yes,<0.001,Yes
Skin,13.10.04,Parasiticidal preparations,1310040Q0,Permethrin,Secondary exploratory,1.515,1.420,1.646,Nov,Jul,Unimodal (non-sinusoidal),0.859,0.970,Negbin,Negative binomial (LRT),Yes,<0.001,Yes
Infections,05.01.05,Macrolides,0501050B0,Clarithromycin,Secondary exploratory,1.505,1.340,1.716,Dec,Aug,Unimodal (non-sinusoidal),0.762,0.604,Poisson,Poisson + Newey–West HAC (Wald),Yes,<0.001,Yes
Respiratory System,03.09.01,Cough suppressants,0309010C0,Codeine phosphate,Secondary exploratory,1.485,1.424,1.558,Dec,Aug,Unimodal (non-sinusoidal),0.872,0.864,Poisson,Poisson + Newey–West HAC (Wald),Yes,<0.001,Yes
Respiratory System,03.04.01,Antihistamines,0304010E0,Fexofenadine hydrochloride,Secondary exploratory,1.472,1.427,1.525,Jun,Jan,Unimodal (non-sinusoidal),0.925,0.895,Poisson,Poisson + Newey–West HAC (Wald),Yes,<0.001,Yes
"Ear, Nose and Oropharynx",12.02.03,Nasal preparations for infection,1202030S0,Neomycin sulfate,Secondary exploratory,1.444,1.369,1.569,May,Sep,Unimodal (non-sinusoidal),0.858,0.468,Poisson,Poisson + Newey–West HAC (Wald),Yes,<0.001,Yes
"Ear, Nose and Oropharynx",12.03.01,Drugs for oral ulceration and inflammation,1203010E0,Benzydamine hydrochloride,Secondary exploratory,1.441,1.325,1.580,Dec,Aug,Unimodal (non-sinusoidal),0.780,0.191,Poisson,Poisson + Newey–West HAC (Wald),Yes,<0.001,Yes
"Ear, Nose and Oropharynx",12.02.01,Drugs used in nasal allergy,1202010T0,Triamcinolone acetonide,Secondary exploratory,1.417,1.260,1.945,Jun,Nov,Unimodal (non-sinusoidal),0.507,0.796,Poisson,Poisson + Newey–West HAC (Wald),Yes,<0.001,Yes
Respiratory System,03.04.02,Allergen immunotherapy,0304020AB,Timothy grass pollen allergen extract,Secondary exploratory,1.393,1.325,1.485,May,Nov,Unimodal,0.779,0.959,Poisson,Poisson (LRT),Yes,<0.001,Yes
Skin,13.12.00,Antiperspirants,1312000C0,Aluminium chloride,Secondary exploratory,1.392,1.347,1.459,Jul,Dec,Unimodal (non-sinusoidal),0.861,0.013,Poisson,Poisson + Newey–West HAC (Wald),Yes,<0.001,Yes
Skin,13.07.00,Preparations for warts and calluses,1307000M0,Salicylic acid,Secondary exploratory,1.392,1.313,1.484,Aug,Dec,Unimodal (non-sinusoidal),0.891,0.440,Poisson,Poisson + Newey–West HAC (Wald),Yes,<0.001,Yes
"Ear, Nose and Oropharynx",12.02.02,Topical nasal decongestants,1202020P0,Xylometazoline hydrochloride,Secondary exploratory,1.388,1.323,1.460,Jan,Aug,Unimodal (non-sinusoidal),0.927,0.817,Poisson,Poisson + Newey–West HAC (Wald),Yes,<0.001,Yes
Respiratory System,03.04.01,Antihistamines,0304010A0,Acrivastine,Secondary exploratory,1.384,1.355,1.414,Jun,Jan,Unimodal (non-sinusoidal),0.933,0.812,Poisson,Poisson + Newey–West HAC (Wald),Yes,<0.001,Yes
Respiratory System,03.04.01,Antihistamines,0304010AB,Desloratadine,Secondary exploratory,1.365,1.330,1.402,Jun,Jan,Unimodal (non-sinusoidal),0.914,0.835,Negbin,Negative binomial (LRT),Yes,<0.001,Yes
Endocrine System,06.03.02,Glucocorticoid therapy,0603020T0,Prednisolone,Secondary exploratory,1.359,1.290,1.431,Dec,Aug,Unimodal (non-sinusoidal),0.843,0.612,Poisson,Poisson + Newey–West HAC (Wald),Yes,<0.001,Yes
Skin,13.08.01,Sunscreening preparations,1308010W0,Diclofenac sodium,Secondary exploratory,1.353,1.309,1.419,Aug,Jan,Unimodal (non-sinusoidal),0.862,0.799,Poisson,Poisson + Newey–West HAC (Wald),Yes,<0.001,Yes
Eye,11.03.01,Antibacterials,1103010G0,Gentamicin sulfate,Secondary exploratory,1.349,1.293,1.410,Sep,May,Bimodal,0.832,0.949,Poisson,Poisson + Newey–West HAC (Wald),Yes,<0.001,Yes
Endocrine System,06.03.02,Glucocorticoid therapy,0603020M0,Hydrocortisone sodium succinate,Secondary exploratory,1.347,1.225,2.184,Jul,Dec,Unimodal (non-sinusoidal),0.526,0.906,Poisson,Poisson + Newey–West HAC (Wald),Yes,<0.001,Yes
"Ear, Nose and Oropharynx",12.01.01,Otitis externa,1201010AE,Ciprofloxain/dexameth,Secondary exploratory,1.335,1.257,1.992,Sep,May,Unimodal (non-sinusoidal),0.673,0.956,Poisson,Poisson + Newey–West HAC (Wald),Yes,<0.001,Yes
Skin,13.10.01,Antibacterial preparations,1310012K0,Metronidazole,Secondary exploratory,1.329,1.301,1.364,Apr,Nov,Unimodal (non-sinusoidal),0.925,0.514,Poisson,Poisson + Newey–West HAC (Wald),Yes,<0.001,Yes
Skin,13.10.04,Parasiticidal preparations,1310040V0,Dimeticone (Parasiticidal),Secondary exploratory,1.322,1.208,1.494,Oct,May,Unimodal,0.511,0.620,Negbin,Negative binomial (LRT),Yes,<0.001,Yes
Respiratory System,03.04.01,Antihistamines,0304010AF,Bilastine,Secondary exploratory,1.321,1.275,1.400,Jun,Nov,Unimodal (non-sinusoidal),0.819,0.949,Poisson,Poisson (LRT),Yes,<0.001,Yes
"Ear, Nose and Oropharynx",12.01.01,Otitis externa,1201010G0,Hydrocortisone acetate,Secondary exploratory,1.317,1.237,1.405,Sep,May,Bimodal,0.646,0.692,Negbin,Negative binomial (LRT),Yes,<0.001,Yes
Skin,13.06.03,Topical preparation for rosacea,1306030B0,Ivermectin,Secondary exploratory,1.294,1.273,1.344,Apr,Dec,Unimodal (non-sinusoidal),0.874,0.962,Poisson,Poisson + Newey–West HAC (Wald),Yes,<0.001,Yes
"Ear, Nose and Oropharynx",12.02.01,Drugs used in nasal allergy,1202010C0,Beclometasone dipropionate,Secondary exploratory,1.293,1.240,1.352,Jun,Oct,Bimodal,0.886,0.829,Negbin,Negative binomial (LRT),Yes,<0.001,Yes
Infections,05.01.03,Tetracyclines,0501030Z0,Doxycycline monohydrate,Secondary exploratory,1.290,1.203,1.386,Dec,Aug,Unimodal (non-sinusoidal),0.641,0.784,Poisson,Poisson + Newey–West HAC (Wald),Yes,<0.001,Yes
Respiratory System,03.04.01,Antihistamines,0304010D0,Loratadine,Secondary exploratory,1.287,1.269,1.305,Jun,Jan,Unimodal (non-sinusoidal),0.901,0.691,Poisson,Poisson + Newey–West HAC (Wald),Yes,<0.001,Yes
Skin,13.10.02,Antifungal preparations,1310020A0,Amorolfine hydrochloride,Secondary exploratory,1.285,1.258,1.316,Jul,Dec,Unimodal (non-sinusoidal),0.849,0.655,Poisson,Poisson + Newey–West HAC (Wald),Yes,<0.001,Yes
"Ear, Nose and Oropharynx",12.03.03,Lozenges and sprays,1203030B0,Benzocaine,Secondary exploratory,1.284,1.175,1.456,Feb,Jun,Unimodal,0.612,0.585,Poisson,Poisson + Newey–West HAC (Wald),Yes,<0.001,Yes
Endocrine System,06.03.02,Glucocorticoid therapy,0603020G0,Dexamethasone,Secondary exploratory,1.282,1.213,1.411,Nov,Jul,Bimodal,0.717,0.277,Poisson,Poisson + Newey–West HAC (Wald),Yes,<0.001,Yes
Respiratory System,03.07.00,Mucolytics,0307000Q0,Erdosteine,Secondary exploratory,1.275,1.218,1.346,Dec,Aug,Unimodal (non-sinusoidal),0.722,0.848,Negbin,Negative binomial (LRT),Yes,<0.001,Yes
Infections,05.01.02,Cephalosporins and other beta-lactams,0501021A0,Cefaclor,Secondary exploratory,1.269,1.212,1.355,Dec,Aug,Bimodal,0.621,0.949,Poisson,Poisson (LRT),Yes,<0.001,Yes
"Ear, Nose and Oropharynx",12.01.01,Otitis externa,1201010AC,Ciprofloxacin,Secondary exploratory,1.268,1.214,1.325,Sep,May,Bimodal,0.781,0.962,Negbin,Negative binomial (LRT),Yes,<0.001,Yes
Infections,05.01.07,Some other antibacterials,0501070U0,Vancomycin hydrochloride,Secondary exploratory,1.266,1.210,1.352,Sep,Jan,Unimodal (non-sinusoidal),0.763,0.806,Poisson,Poisson + Newey–West HAC (Wald),Yes,<0.001,Yes
"Ear, Nose and Oropharynx",12.02.01,Drugs used in nasal allergy,1202010Y0,Fluticasone propionate/azelastine hydrochloride (Nasal),Secondary exploratory,1.263,1.232,1.321,Jun,Oct,Bimodal,0.856,0.974,Poisson,Poisson + Newey–West HAC (Wald),Yes,<0.001,Yes
Respiratory System,03.04.01,Antihistamines,0304010AC,Levocetirizine,Secondary exploratory,1.258,1.207,1.323,Jun,Jan,Unimodal (non-sinusoidal),0.649,0.501,Negbin,Negative binomial (LRT),Yes,<0.001,Yes
Respiratory System,03.04.01,Antihistamines,0304010I0,Cetirizine hydrochloride,Secondary exploratory,1.255,1.234,1.277,Jun,Jan,Unimodal (non-sinusoidal),0.858,0.640,Poisson,Poisson + Newey–West HAC (Wald),Yes,<0.001,Yes
Musculoskeletal and Joint Diseases,10.01.04,Gout and cytotoxic induced hyperuicaemia,1001040G0,Colchicine,Secondary exploratory,1.253,1.219,1.287,Jul,Nov,Unimodal (non-sinusoidal),0.780,0.166,Poisson,Poisson + Newey–West HAC (Wald),Yes,<0.001,Yes
Skin,13.11.06,Oxidisers and dyes,1311060Q0,Potassium permanganate,Secondary exploratory,1.248,1.190,1.329,Aug,Jan,Unimodal,0.651,0.921,Negbin,Negative binomial (LRT),Yes,<0.001,Yes
Respiratory System,03.04.01,Antihistamines,0304010G0,Chlorphenamine maleate,Secondary exploratory,1.238,1.210,1.278,Jun,Oct,Bimodal,0.868,0.715,Poisson,Poisson + Newey–West HAC (Wald),Yes,<0.001,Yes
Infections,05.01.12,Quinolones,0501120X0,Levofloxacin,Secondary exploratory,1.233,1.193,1.284,Jan,Aug,Unimodal (non-sinusoidal),0.799,0.771,Negbin,Negative binomial (LRT),Yes,<0.001,Yes
Skin,13.10.02,Antifungal preparations,1310020T0,Tioconazole,Secondary exploratory,1.232,1.179,1.296,Jul,Dec,Unimodal (non-sinusoidal),0.735,0.844,Negbin,Negative binomial (LRT),Yes,<0.001,Yes
Infections,05.01.01,Penicillins,0501012G0,Flucloxacillin sodium,Secondary exploratory,1.232,1.189,1.283,Aug,Dec,Unimodal (non-sinusoidal),0.719,0.188,Negbin,Negative binomial (LRT),Yes,<0.001,Yes
Skin,13.10.05,Preparations for minor cuts and abrasions,1310050H0,Hydrogen peroxide,Secondary exploratory,1.229,1.147,1.430,Nov,Jun,Unimodal (non-sinusoidal),0.541,0.677,Poisson,Poisson + Newey–West HAC (Wald),No,0.0112,Yes
Skin,13.10.02,Antifungal preparations,131002030,Terbinafine hydrochloride,Secondary exploratory,1.223,1.183,1.308,Jul,Jan,Unimodal (non-sinusoidal),0.602,0.852,Poisson,Poisson + Newey–West HAC (Wald),Yes,<0.001,Yes
Infections,05.05.01,Drugs for threadworms,0505010D0,Mebendazole,Secondary exploratory,1.223,1.157,1.306,Oct,Jun,Unimodal (non-sinusoidal),0.785,0.250,Poisson,Poisson + Newey–West HAC (Wald),Yes,<0.001,Yes
Infections,05.02.05,Other antifungals,0502050C0,Terbinafine hydrochloride,Secondary exploratory,1.211,1.174,1.253,Aug,Jan,Unimodal,0.858,0.869,Negbin,Negative binomial (LRT),Yes,<0.001,Yes
Central Nervous System,04.02.01,Antipsychotic drugs,0402010L0,Levomepromazine hydrochloride,Secondary exploratory,1.203,1.150,1.272,Jan,Aug,Unimodal (non-sinusoidal),0.733,0.717,Poisson,Poisson + Newey–West HAC (Wald),Yes,<0.001,Yes
Infections,05.02.01,Triazole antifungals,0502010C0,Itraconazole,Secondary exploratory,1.202,1.154,1.276,Jul,Feb,Unimodal,0.543,0.097,Negbin,Negative binomial (LRT),Yes,<0.001,Yes
Endocrine System,06.01.04,Treatment of hypoglycaemia,0601040H0,Glucagon,Secondary exploratory,1.196,1.161,1.245,Jul,Dec,Unimodal (non-sinusoidal),0.831,0.532,Negbin,Negative binomial (LRT),Yes,<0.001,Yes
"Ear, Nose and Oropharynx",12.02.03,Nasal preparations for infection,1202030R0,Mupirocin,Secondary exploratory,1.194,1.147,1.291,Apr,Sep,Unimodal (non-sinusoidal),0.603,0.227,Poisson,Poisson + Newey–West HAC (Wald),Yes,<0.001,Yes
Skin,13.14.00,Topical circulatory preparations,1314000H0,Heparinoid,Secondary exploratory,1.178,1.143,1.220,Jul,Dec,Unimodal (non-sinusoidal),0.770,0.727,Negbin,Negative binomial (LRT),Yes,<0.001,Yes
Skin,13.06.02,Oral preparations for acne,1306020J0,Isotretinoin,Secondary exploratory,1.178,1.111,1.265,Mar,Sep,Unimodal (non-sinusoidal),0.652,0.608,Poisson,Poisson + Newey–West HAC (Wald),Yes,<0.001,Yes
Central Nervous System,04.05.01,Gastro-intestinal anti-obesity drugs,0405010P0,Orlistat,Secondary exploratory,1.163,1.128,1.210,Jul,Jan,Unimodal (non-sinusoidal),0.837,0.974,Poisson,Poisson + Newey–West HAC (Wald),Yes,<0.001,Yes
Skin,13.05.03,Drugs affecting the immune response,1305030B0,Pimecrolimus,Secondary exploratory,1.162,1.120,1.219,Apr,Sep,Unimodal (non-sinusoidal),0.729,0.979,Poisson,Poisson + Newey–West HAC (Wald),Yes,<0.001,Yes
"Ear, Nose and Oropharynx",12.01.01,Otitis externa,1201010B0,Acetic acid,Secondary exploratory,1.161,1.123,1.695,Jan,May,Unimodal (non-sinusoidal),0.502,0.609,Poisson,Poisson + Newey–West HAC (Wald),Yes,0.00121,Yes
"Ear, Nose and Oropharynx",12.02.01,Drugs used in nasal allergy,1202010U0,Mometasone furoate,Secondary exploratory,1.159,1.133,1.195,May,Sep,Unimodal (non-sinusoidal),0.749,0.805,Poisson,Poisson + Newey–West HAC (Wald),Yes,<0.001,Yes
Central Nervous System,04.10.02,Nicotine dependence,0410020B0,Nicotine,Secondary exploratory,1.157,1.117,1.215,Mar,Nov,Unimodal (non-sinusoidal),0.769,0.944,Poisson,Poisson + Newey–West HAC (Wald),Yes,<0.001,Yes
Infections,05.01.05,Macrolides,0501050A0,Azithromycin,Secondary exploratory,1.154,1.120,1.197,Dec,Aug,Unimodal (non-sinusoidal),0.654,0.619,Negbin,Negative binomial (LRT),Yes,<0.001,Yes
Eye,11.03.01,Antibacterials,1103010B0,Ciprofloxacin,Secondary exploratory,1.149,1.115,1.198,Feb,May,Bimodal,0.711,0.965,Negbin,Negative binomial (LRT),Yes,<0.001,Yes
"Ear, Nose and Oropharynx",12.01.01,Otitis externa,120101050,Dexamethasone,Secondary exploratory,1.148,1.110,1.205,Aug,May,Bimodal,0.597,0.858,Negbin,Negative binomial (LRT),Yes,<0.001,Yes
Skin,13.02.01,Emollients,1302011L0,Light liquid paraffin,Secondary exploratory,1.148,1.124,1.178,Apr,Sep,Unimodal (non-sinusoidal),0.810,0.983,Poisson,Poisson + Newey–West HAC (Wald),Yes,<0.001,Yes
Gastro-Intestinal System,01.07.04,Management of anal fissures,0107040A0,Glyceryl trinitrate,Secondary exploratory,1.148,1.122,1.179,Feb,Jul,Unimodal (non-sinusoidal),0.825,0.815,Poisson,Poisson + Newey–West HAC (Wald),Yes,<0.001,Yes
"Ear, Nose and Oropharynx",12.02.01,Drugs used in nasal allergy,1202010I0,Budesonide,Secondary exploratory,1.147,1.127,1.180,Jun,Dec,Unimodal (non-sinusoidal),0.737,0.916,Poisson,Poisson + Newey–West HAC (Wald),Yes,<0.001,Yes
Skin,13.07.00,Preparations for warts and calluses,1307000Q0,Silver nitrate,Secondary exploratory,1.146,1.102,1.223,Sep,Jan,Bimodal,0.616,0.787,Poisson,Poisson + Newey–West HAC (Wald),Yes,<0.001,Yes
"Ear, Nose and Oropharynx",12.02.01,Drugs used in nasal allergy,1202010M0,Fluticasone propionate (Nasal),Secondary exploratory,1.145,1.115,1.189,Jun,Oct,Unimodal (non-sinusoidal),0.764,0.770,Poisson,Poisson + Newey–West HAC (Wald),Yes,<0.001,Yes
Nutrition and Blood,09.02.02,Parent prepn for fluid and electrolyte imb,0902021X0,Water for injection,Secondary exploratory,1.114,1.105,1.130,Jan,Aug,Bimodal,0.698,0.526,Poisson,Poisson + Newey–West HAC (Wald),Yes,<0.001,Yes
Eye,11.04.02,Other anti-inflammatory preparations,1104020B0,Antazoline,Secondary exploratory,1.976,1.757,2.632,Jun,Dec,Unimodal (non-sinusoidal),0.495,0.701,Poisson,Poisson + Newey–West HAC (Wald),Yes,<0.001,No
"Ear, Nose and Oropharynx",12.01.01,Otitis externa,1201010AG,Phenazone/lidocaine,Secondary exploratory,1.969,1.799,2.231,Jan,Aug,Unimodal (non-sinusoidal),0.090,0.860,Poisson,Poisson + Newey–West HAC (Wald),Yes,<0.001,No
"Ear, Nose and Oropharynx",12.01.01,Otitis externa,1201010Q0,Hydrocortisone,Secondary exploratory,1.935,1.462,3.277,Dec,Apr,Unimodal (non-sinusoidal),0.319,0.818,Poisson,Poisson + Newey–West HAC (Wald),Yes,<0.001,No
Skin,13.10.04,Parasiticidal preparations,1310040M0,Malathion,Secondary exploratory,1.891,1.464,3.498,Mar,Jul,Unimodal (non-sinusoidal),0.203,0.495,Poisson,Poisson + Newey–West HAC (Wald),Yes,<0.001,No
"Ear, Nose and Oropharynx",12.03.01,Drugs for oral ulceration and inflammation,1203010M0,Hydrocortisone (Sodium succinate),Secondary exploratory,1.788,1.571,2.170,May,Dec,Unimodal (non-sinusoidal),0.381,0.959,Poisson,Poisson + Newey–West HAC (Wald),Yes,<0.001,No
Immunological Products and Vaccines,14.04.00,Vaccines and antisera,1404000AD,Hepatitis A/typhoid vaccine,Secondary exploratory,1.748,1.336,3.072,Sep,Mar,Unimodal,0.000,0.927,Poisson,Poisson + Newey–West HAC (Wald),Yes,0.0159,No
"Ear, Nose and Oropharynx",12.01.01,Otitis externa,1201010F0,Flumetasone pivalate,Secondary exploratory,1.744,1.371,2.454,Oct,Apr,Unimodal (non-sinusoidal),0.412,0.853,Poisson,Poisson + Newey–West HAC (Wald),Yes,0.00339,No
Immunological Products and Vaccines,14.04.00,Vaccines and antisera,1404000E0,Cholera,Secondary exploratory,1.708,1.320,2.738,Jun,Feb,Unimodal (non-sinusoidal),0.195,0.522,Poisson,Poisson + Newey–West HAC (Wald),Yes,0.00948,No
Infections,05.05.06,Filaricides,0505060I0,Ivermectin,Secondary exploratory,1.663,1.542,1.936,Jan,Aug,Unimodal (non-sinusoidal),0.357,0.977,Poisson,Poisson + Newey–West HAC (Wald),Yes,<0.001,No
Eye,11.03.01,Antibacterials,1103010H0,Fusidic acid,Secondary exploratory,1.619,1.259,2.187,Feb,Oct,Unimodal (non-sinusoidal),0.479,0.724,Poisson,Poisson + Newey–West HAC (Wald),Yes,0.00934,No
Central Nervous System,04.06.00,Drugs used in nausea and vertigo,0406000U0,Prochlorperazine mesilate,Secondary exploratory,1.610,1.254,2.164,Aug,Jan,Unimodal (non-sinusoidal),0.251,0.973,Poisson,Poisson + Newey–West HAC (Wald),Yes,<0.001,No
Skin,13.06.03,Topical preparation for rosacea,1306030A0,Brimonidine tart (Rosacea),Secondary exploratory,1.519,1.427,1.827,Apr,Dec,Bimodal,0.472,0.661,Poisson,Poisson + Newey–West HAC (Wald),Yes,<0.001,No
Immunological Products and Vaccines,14.04.00,Vaccines and antisera,1404000AL,Shingles (H/Z),Secondary exploratory,1.496,1.257,1.925,Oct,Jun,Bimodal,0.176,0.617,Negbin,Negative binomial (LRT),Yes,0.04,No
"Ear, Nose and Oropharynx",12.01.01,Otitis externa,1201010H0,Chloramphenicol,Secondary exploratory,1.458,1.226,2.194,Feb,Jun,Bimodal,0.065,0.112,Poisson,Poisson + Newey–West HAC (Wald),Yes,0.0145,No
Musculoskeletal and Joint Diseases,10.03.02,"Rubefacients, topical NSAIDs, capsaicin and poultices",1003020AA,Capsaicin,Secondary exploratory,1.439,1.261,1.910,Nov,Aug,Bimodal,0.031,0.962,Poisson,Poisson + Newey–West HAC (Wald),Yes,0.0303,No
Gastro-Intestinal System,01.02.00,Antispasmodics and other drugs altering gut motility,0102000Y0,Propantheline bromide,Secondary exploratory,1.436,1.145,1.973,Aug,Jan,Unimodal (non-sinusoidal),0.321,0.411,Poisson,Poisson + Newey–West HAC (Wald),No,0.034,No
"Ear, Nose and Oropharynx",12.01.01,Otitis externa,120101040,Dexamethasone sodium metasulphobenzoate,Secondary exploratory,1.421,1.215,2.001,Jan,May,Unimodal (non-sinusoidal),0.030,0.476,Poisson,Poisson + Newey–West HAC (Wald),Yes,0.0392,No
Endocrine System,06.01.02,Antidiabetic drugs,0601021X0,Tolbutamide,Secondary exploratory,1.417,1.189,2.313,Mar,Jul,Bimodal,0.103,0.931,Poisson,Poisson + Newey–West HAC (Wald),No,0.0484,No
"Ear, Nose and Oropharynx",12.02.01,Drugs used in nasal allergy,1202010Z0,Mometasone furoate/olopatadine hydrochloride,Secondary exploratory,1.406,1.293,1.645,May,Jan,Bimodal,0.210,0.956,Negbin,Negative binomial (LRT),Yes,<0.001,No
Gastro-Intestinal System,01.06.05,Bowel cleansing preparations,0106050B0,Bowel cleansing solutions,Secondary exploratory,1.344,1.198,1.598,Dec,Sep,Bimodal,0.000,0.677,Negbin,Negative binomial (LRT),No,0.015,No
Gastro-Intestinal System,01.06.06,Peripheral opioid-receptor antagonists,0106060C0,Naldemedine,Secondary exploratory,1.335,1.250,1.608,Jun,Jan,Unimodal (non-sinusoidal),0.209,0.968,Poisson,Poisson + Newey–West HAC (Wald),No,<0.001,No
Skin,13.03.00,Topical local anaesthetics and antipruritics,1303000D0,Calamine,Secondary exploratory,1.315,1.224,1.666,Apr,Oct,Unimodal (non-sinusoidal),0.188,0.120,Poisson,Poisson + Newey–West HAC (Wald),Yes,<0.001,No
Eye,11.08.02,Ocular diagnostic & peri-operative prepn & photodynamic tt,1108020A0,Diclofenac sodium,Secondary exploratory,1.312,1.163,1.847,May,Oct,Unimodal,0.020,0.867,Poisson,Poisson + Newey–West HAC (Wald),No,0.0349,No
Infections,05.02.05,Other antifungals,0502050B0,Griseofulvin,Secondary exploratory,1.310,1.232,1.683,Apr,Nov,Unimodal (non-sinusoidal),0.464,0.871,Poisson,Poisson + Newey–West HAC (Wald),Yes,<0.001,No
Immunological Products and Vaccines,14.04.00,Vaccines and antisera,1404000S0,Typhoid,Secondary exploratory,1.290,1.199,1.464,Jan,May,Bimodal,0.236,0.863,Poisson,Poisson + Newey–West HAC (Wald),Yes,<0.001,No
Endocrine System,06.01.02,Antidiabetic drugs,0601023AB,Liraglutide,Secondary exploratory,1.289,1.176,2.273,Jul,Nov,Bimodal,0.000,0.968,Poisson,Poisson + Newey–West HAC (Wald),No,0.00147,No
Immunological Products and Vaccines,14.04.00,Vaccines and antisera,140400070,Hepatitis A/hepatitis B,Secondary exploratory,1.287,1.204,1.512,Jan,Oct,Bimodal,0.029,0.376,Poisson,Poisson + Newey–West HAC (Wald),Yes,<0.001,No
Immunological Products and Vaccines,14.04.00,Vaccines and antisera,140400030,Hepatitis A,Secondary exploratory,1.277,1.153,1.471,Jan,Oct,Bimodal,0.263,0.925,Poisson,Poisson + Newey–West HAC (Wald),Yes,0.00841,No
Immunological Products and Vaccines,14.04.00,Vaccines and antisera,1404000F0,Diphtheria,Secondary exploratory,1.271,1.179,1.412,Feb,May,Bimodal,0.016,0.799,Poisson,Poisson + Newey–West HAC (Wald),Yes,<0.001,No
Central Nervous System,04.06.00,Drugs used in nausea and vertigo,0406000AA,Doxylamine succinate/pyridoxine hydrochloride,Secondary exploratory,1.261,1.158,1.447,Feb,Jun,Bimodal,0.088,0.971,Negbin,Negative binomial (LRT),Yes,0.0337,No
"Ear, Nose and Oropharynx",12.01.01,Otitis externa,1201010AF,Ciprofloxacin/fluocinolone,Secondary exploratory,1.254,1.170,1.381,Sep,Jun,Bimodal,0.289,0.909,Negbin,Negative binomial (LRT),Yes,0.00116,No
Infections,05.01.05,Macrolides,0501050C0,Erythromycin,Secondary exploratory,1.252,1.187,1.347,Jan,Aug,Unimodal (non-sinusoidal),0.447,0.796,Negbin,Negative binomial (LRT),Yes,<0.001,No
Infections,05.03.01,HIV infection,0503010Q0,Lamivudine,Secondary exploratory,1.249,1.140,1.412,Nov,Mar,Bimodal,0.304,0.937,Negbin,Negative binomial (LRT),No,0.0166,No
"Ear, Nose and Oropharynx",12.01.01,Otitis externa,1201010E0,Betamethasone sodium phosphate,Secondary exploratory,1.239,1.157,2.163,Jan,May,Unimodal (non-sinusoidal),0.131,0.137,Poisson,Poisson + Newey–West HAC (Wald),Yes,0.0174,No
Eye,11.08.03,Other eye preparations,1108030AA,Carbomer,Secondary exploratory,1.233,1.121,1.782,Jun,Feb,Bimodal,0.019,0.684,Poisson,Poisson + Newey–West HAC (Wald),Yes,0.0026,No
Nutrition and Blood,09.05.01,Calcium and magnesium,090501300,Other magnesium preparations,Secondary exploratory,1.215,1.137,1.367,Dec,Apr,Unimodal,0.378,0.458,Poisson,Poisson (LRT),No,0.00265,No
Skin,13.05.02,Preparations for psoriasis,1305020R0,Tacalcitol,Secondary exploratory,1.212,1.119,1.404,May,Oct,Unimodal,0.270,0.897,Poisson,Poisson + Newey–West HAC (Wald),Yes,0.0406,No
Skin,13.04.00,Topical corticosteroids,1304000S0,Fluticasone propionate (Topical),Secondary exploratory,1.206,1.142,1.341,Apr,Sep,Unimodal,0.456,0.810,Negbin,Negative binomial (LRT),Yes,0.00538,No
"Ear, Nose and Oropharynx",12.02.01,Drugs used in nasal allergy,1202010W0,Fluticasone furoate,Secondary exploratory,1.186,1.100,1.318,May,Dec,Unimodal (non-sinusoidal),0.429,0.744,Poisson,Poisson + Newey–West HAC (Wald),Yes,0.0223,No
Infections,05.01.02,Cephalosporins and other beta-lactams,0501021K0,Cefuroxime axetil,Secondary exploratory,1.184,1.106,1.312,Feb,Oct,Unimodal,0.065,0.582,Negbin,Negative binomial (LRT),Yes,0.0341,No
Skin,13.08.01,Sunscreening preparations,1308010Y0,Fluorouracil (Sunscreen),Secondary exploratory,1.181,1.097,1.317,Sep,Jan,Bimodal,0.433,0.710,Poisson,Poisson + Newey–West HAC (Wald),Yes,0.0269,No
Endocrine System,06.06.02,Bisphosphonates and other drugs,0606020Y0,Alendronic acid/colecalciferol,Secondary exploratory,1.174,1.099,1.502,Nov,Aug,Bimodal,0.154,0.821,Poisson,Poisson + Newey–West HAC (Wald),No,0.0284,No
Infections,05.03.01,HIV infection,0503010H0,Tenofovir disoproxil,Secondary exploratory,1.170,1.094,1.300,Mar,Jun,Bimodal,0.160,0.806,Poisson,Poisson (LRT),No,0.0449,No
"Ear, Nose and Oropharynx",12.03.03,Lozenges and sprays,1203030Y0,Benzydamine hydrochloride,Secondary exploratory,1.169,1.105,1.295,Dec,Jul,Unimodal,0.143,0.370,Poisson,Poisson (LRT),Yes,0.0183,No
Endocrine System,06.05.01,Hypothalamic & anterior pituitary hormone & antioestrogens,0605010G0,Clomifene citrate,Secondary exploratory,1.166,1.103,1.304,Nov,Mar,Bimodal,0.457,0.850,Poisson,Poisson (LRT),No,0.0252,No
Nutrition and Blood,09.05.02,Phosphorus,090502100,Other phosphate supplement preparations,Secondary exploratory,1.165,1.111,1.248,Aug,Jan,Unimodal,0.374,0.560,Negbin,Negative binomial (LRT),Yes,<0.001,No
Gastro-Intestinal System,01.01.01,Antacids and simeticone,0101010Q0,Magnesium hydroxide,Secondary exploratory,1.161,1.086,1.478,Aug,Jan,Unimodal,0.017,0.050,Poisson,Poisson + Newey–West HAC (Wald),No,0.0189,No
Infections,05.01.12,Quinolones,0501120Y0,Moxifloxacin,Secondary exploratory,1.160,1.118,1.241,Jan,Aug,Unimodal,0.446,0.685,Poisson,Poisson (LRT),Yes,<0.001,No
Central Nervous System,04.02.01,Antipsychotic drugs,0402010R0,Pimozide,Secondary exploratory,1.158,1.109,1.668,Nov,Aug,Bimodal,0.115,0.716,Poisson,Poisson + Newey–West HAC (Wald),Yes,0.0145,No
Eye,11.03.01,Antibacterials,1103010Y0,Ofloxacin,Secondary exploratory,1.158,1.087,1.268,Aug,Nov,Bimodal,0.204,0.842,Negbin,Negative binomial (LRT),Yes,0.0389,No
Gastro-Intestinal System,01.04.02,Antimotility drugs,0104020P0,Loperamide hydrochloride and simeticone,Secondary exploratory,1.156,1.091,1.253,Aug,Apr,Unimodal,0.347,0.566,Poisson,Poisson (LRT),Yes,0.00523,No
"Ear, Nose and Oropharynx",12.03.01,Drugs for oral ulceration and inflammation,1203010U0,Doxycycline hyclate,Secondary exploratory,1.151,1.090,1.273,Apr,Nov,Unimodal,0.199,0.182,Poisson,Poisson (LRT),Yes,0.0329,No
Skin,13.04.00,Topical corticosteroids,1304000P0,Fluocinonide,Secondary exploratory,1.144,1.080,1.229,Apr,Dec,Unimodal,0.237,0.826,Negbin,Negative binomial (LRT),Yes,0.021,No
Infections,05.01.12,Quinolones,0501120P0,Ofloxacin,Secondary exploratory,1.142,1.099,1.210,Feb,Jun,Unimodal (non-sinusoidal),0.656,0.579,Negbin,Negative binomial (LRT),Yes,<0.001,No
Central Nervous System,04.10.02,Nicotine dependence,0410020D0,Nicotine bitartrate,Secondary exploratory,1.142,1.082,1.230,Mar,Nov,Unimodal,0.452,0.454,Poisson,Poisson (LRT),Yes,0.009,No
Skin,13.10.05,Preparations for minor cuts and abrasions,1310050D0,Cetrimide,Secondary exploratory,1.136,1.098,1.203,Jun,Jan,Unimodal,0.434,0.486,Poisson,Poisson (LRT),No,<0.001,No
Infections,05.01.07,Some other antibacterials,0501070W0,Linezolid,Secondary exploratory,1.133,1.092,1.303,Oct,Feb,Unimodal,0.332,0.495,Poisson,Poisson + Newey–West HAC (Wald),Yes,0.0415,No
Cardiovascular System,02.08.02,Oral anticoagulants,0208020W0,INR blood testing reagents,Secondary exploratory,1.130,1.083,1.187,Dec,Apr,Bimodal,0.482,0.107,Negbin,Negative binomial (LRT),Yes,<0.001,No
Infections,05.01.01,Penicillins,0501013K0,Co-amoxiclav (Amoxicillin/clavulanic acid),Secondary exploratory,1.128,1.088,1.191,Jan,Aug,Unimodal (non-sinusoidal),0.625,0.610,Poisson,Poisson + Newey–West HAC (Wald),Yes,<0.001,No
Infections,05.01.13,Urinary-tract infections,0501130R0,Nitrofurantoin,Secondary exploratory,1.127,1.095,1.165,Sep,May,Unimodal (non-sinusoidal),0.531,0.799,Negbin,Negative binomial (LRT),Yes,<0.001,No
Respiratory System,03.01.01,Adrenoceptor agonists,0301011R0,Salbutamol,Secondary exploratory,1.126,1.098,1.156,Dec,Aug,Bimodal,0.702,0.943,Poisson,Poisson + Newey–West HAC (Wald),Yes,<0.001,No
Infections,05.01.06,Clindamycin and lincomycin,0501060D0,Clindamycin hydrochloride,Secondary exploratory,1.126,1.097,1.163,Aug,Dec,Unimodal (non-sinusoidal),0.701,0.921,Negbin,Negative binomial (LRT),Yes,<0.001,No
Skin,13.02.01,Emollients,1302011M0,Liquid paraffin,Secondary exploratory,1.125,1.097,1.164,May,Sep,Unimodal (non-sinusoidal),0.678,0.983,Negbin,Negative binomial (LRT),Yes,<0.001,No
Skin,13.06.01,Topical preparations for acne,1306010B0,Azelaic acid,Secondary exploratory,1.121,1.074,1.200,Apr,Nov,Unimodal,0.215,0.832,Negbin,Negative binomial (LRT),Yes,0.0174,No
Skin,13.04.00,Topical corticosteroids,1304000V0,Hydrocortisone,Secondary exploratory,1.117,1.083,1.173,Mar,Oct,Unimodal,0.710,0.783,Negbin,Negative binomial (LRT),Yes,<0.001,No
"Ear, Nose and Oropharynx",12.01.03,Removal of ear wax and other substances,1201030N0,Urea hydrogen peroxide,Secondary exploratory,1.113,1.067,1.162,Mar,Nov,Bimodal,0.616,0.887,Poisson,Poisson + Newey–West HAC (Wald),Yes,<0.001,No
Infections,05.01.12,Quinolones,0501120L0,Ciprofloxacin,Secondary exploratory,1.112,1.092,1.143,Dec,Jun,Unimodal,0.519,0.961,Negbin,Negative binomial (LRT),Yes,<0.001,No
Central Nervous System,04.06.00,Drugs used in nausea and vertigo,0406000G0,Cyclizine lactate,Secondary exploratory,1.111,1.083,1.166,Dec,Aug,Bimodal,0.433,0.591,Poisson,Poisson + Newey–West HAC (Wald),Yes,<0.001,No
Gastro-Intestinal System,01.07.02,Compound haemorrhoidal preparations with corticosteroid,0107020J0,Hydrocortisone,Secondary exploratory,1.109,1.076,1.174,Feb,Jul,Unimodal (non-sinusoidal),0.523,0.000,Poisson,Poisson + Newey–West HAC (Wald),Yes,<0.001,No
Skin,13.04.00,Topical corticosteroids,1304000F0,Betamethasone valerate,Secondary exploratory,1.109,1.075,1.164,May,Oct,Unimodal,0.494,0.260,Negbin,Negative binomial (LRT),Yes,0.00109,No
Eye,11.08.02,Ocular diagnostic & peri-operative prepn & photodynamic tt,110802070,Ketorolac trometamol,Secondary exploratory,1.106,1.071,1.171,Oct,Mar,Unimodal,0.233,0.273,Negbin,Negative binomial (LRT),No,0.00643,No
Respiratory System,03.01.02,Antimuscarinic bronchodilators,0301020I0,Ipratropium bromide,Secondary exploratory,1.104,1.078,1.129,Dec,Aug,Bimodal,0.671,0.985,Poisson,Poisson + Newey–West HAC (Wald),Yes,<0.001,No
Infections,05.01.07,Some other antibacterials,0501070AE,Fosfomycin trometamol,Secondary exploratory,1.101,1.069,1.136,Sep,May,Unimodal (non-sinusoidal),0.533,0.971,Negbin,Negative binomial (LRT),Yes,<0.001,No
Infections,05.01.01,Penicillins,0501015P0,Pivmecillinam hydrochloride,Secondary exploratory,1.099,1.068,1.132,Sep,May,Unimodal (non-sinusoidal),0.402,0.823,Negbin,Negative binomial (LRT),Yes,<0.001,No
Musculoskeletal and Joint Diseases,10.01.02,Corticosteroids,1001022K0,Methylprednisolone acetate,Secondary exploratory,1.098,1.066,1.185,Jul,Jan,Unimodal (non-sinusoidal),0.612,0.944,Poisson,Poisson + Newey–West HAC (Wald),Yes,0.00188,No
Infections,05.01.02,Cephalosporins and other beta-lactams,0501021L0,Cefalexin,Secondary exploratory,1.098,1.070,1.134,Dec,May,Unimodal,0.368,0.276,Negbin,Negative binomial (LRT),Yes,<0.001,No
Skin,13.10.02,Antifungal preparations,1310020N0,Miconazole nitrate,Secondary exploratory,1.098,1.079,1.290,Aug,Dec,Unimodal (non-sinusoidal),0.495,0.901,Poisson,Poisson + Newey–West HAC (Wald),Yes,0.00314,No
Immunological Products and Vaccines,14.04.00,Vaccines and antisera,1404000G0,Hepatitis B,Secondary exploratory,1.096,1.058,1.169,Jan,Oct,Bimodal,0.509,0.628,Poisson,Poisson + Newey–West HAC (Wald),Yes,0.0196,No
Skin,13.04.00,Topical corticosteroids,1304000X0,Hydrocortisone acetate,Secondary exploratory,1.096,1.064,1.158,Mar,Nov,Bimodal,0.626,0.261,Negbin,Negative binomial (LRT),Yes,0.00748,No
Infections,05.01.07,Some other antibacterials,0501070I0,Colistimethate sodium,Secondary exploratory,1.094,1.051,1.152,Dec,Mar,Bimodal,0.214,0.465,Negbin,Negative binomial (LRT),Yes,0.0439,No
Respiratory System,03.04.01,Antihistamines,0304010N0,Diphenhydramine hydrochloride,Secondary exploratory,1.089,1.059,1.140,Oct,Jun,Unimodal,0.324,0.670,Negbin,Negative binomial (LRT),Yes,0.00219,No
Skin,13.05.03,Drugs affecting the immune response,1305030C0,Tacrolimus,Secondary exploratory,1.089,1.073,1.120,Apr,Sep,Unimodal (non-sinusoidal),0.657,0.979,Poisson,Poisson + Newey–West HAC (Wald),Yes,<0.001,No
"Obstetrics, Gynaecology and Urinary-Tract Disorders",07.02.02,Vaginal and vulval infections,0702020F0,Clotrimazole,Secondary exploratory,1.088,1.047,1.142,Sep,May,Bimodal,0.509,0.398,Poisson,Poisson + Newey–West HAC (Wald),Yes,0.0095,No
Cardiovascular System,02.06.02,Calcium-channel blockers,0206020R0,Nifedipine,Secondary exploratory,1.086,1.079,1.095,Jan,Aug,Unimodal (non-sinusoidal),0.481,0.097,Poisson,Poisson + Newey–West HAC (Wald),Yes,<0.001,No
Infections,05.01.03,Tetracyclines,0501030F0,Demeclocycline hydrochloride,Secondary exploratory,1.086,1.054,1.148,Sep,Mar,Unimodal,0.180,0.838,Poisson,Poisson (LRT),Yes,0.012,No
Skin,13.05.02,Preparations for psoriasis,1305020D0,Calcipotriol,Secondary exploratory,1.085,1.074,1.108,Apr,Oct,Unimodal,0.595,0.068,Poisson,Poisson + Newey–West HAC (Wald),Yes,<0.001,No
Skin,13.04.00,Topical corticosteroids,1304000Y0,Mometasone furoate,Secondary exploratory,1.085,1.051,1.133,May,Sep,Unimodal,0.403,0.800,Negbin,Negative binomial (LRT),Yes,0.0174,No
Respiratory System,03.02.00,Corticosteroids (respiratory),0302000C0,Beclometasone dipropionate,Secondary exploratory,1.084,1.067,1.102,Dec,Aug,Bimodal,0.517,0.217,Poisson,Poisson + Newey–West HAC (Wald),Yes,<0.001,No
Skin,13.10.03,Antiviral preparations,1310030C0,Aciclovir,Secondary exploratory,1.083,1.067,1.107,Dec,Aug,Unimodal (non-sinusoidal),0.484,0.872,Poisson,Poisson + Newey–West HAC (Wald),Yes,<0.001,No
Skin,13.03.00,Topical local anaesthetics and antipruritics,1303000AA,Menthol,Secondary exploratory,1.081,1.051,1.120,Jul,Nov,Unimodal,0.358,0.927,Negbin,Negative binomial (LRT),Yes,0.00259,No
Skin,13.02.01,Emollients,1302010U0,Urea,Secondary exploratory,1.079,1.056,1.113,Jun,Nov,Unimodal,0.364,0.552,Negbin,Negative binomial (LRT),Yes,<0.001,No
Skin,13.06.01,Topical preparations for acne,1306010Z0,Adapalene and benzoyl peroxide,Secondary exploratory,1.077,1.051,1.140,Sep,Jun,Bimodal,0.406,0.817,Poisson,Poisson + Newey–West HAC (Wald),Yes,0.0175,No
Musculoskeletal and Joint Diseases,10.02.02,Skeletal muscle relaxants,1002020Y0,Dronabinol/cannabidiol,Secondary exploratory,1.074,1.051,1.106,Dec,Aug,Unimodal,0.333,0.976,Poisson,Poisson + Newey–West HAC (Wald),No,<0.001,No
Skin,13.09.00,Shampoo and other preparations for scalp and hair conditions,1309000X0,Eflornithine monohydrate chloride,Secondary exploratory,1.073,1.062,1.095,Aug,Dec,Unimodal,0.261,0.544,Poisson,Poisson + Newey–West HAC (Wald),Yes,<0.001,No
Infections,05.01.08,Sulfonamides and trimethoprim,0501080W0,Trimethoprim,Secondary exploratory,1.069,1.050,1.107,Oct,Jun,Unimodal,0.608,0.161,Negbin,Negative binomial (LRT),Yes,<0.001,No
Infections,05.01.03,Tetracyclines,0501030P0,Minocycline hydrochloride,Secondary exploratory,1.069,1.039,1.135,Jan,Jun,Unimodal,0.357,0.989,Poisson,Poisson + Newey–West HAC (Wald),Yes,0.00693,No
"Obstetrics, Gynaecology and Urinary-Tract Disorders",07.02.02,Vaginal and vulval infections,0702020E0,Clindamycin phosphate,Secondary exploratory,1.068,1.042,1.153,Jan,Jun,Unimodal,0.362,0.786,Poisson,Poisson + Newey–West HAC (Wald),Yes,0.016,No
"Obstetrics, Gynaecology and Urinary-Tract Disorders",07.03.02,Progestogen-only contraceptives,0703022M0,Medroxyprogesterone acetate,Secondary exploratory,1.067,1.052,1.083,Feb,Oct,Bimodal,0.688,0.859,Poisson,Poisson + Newey–West HAC (Wald),Yes,<0.001,No
Infections,05.01.11,"Metronidazole, tinidazole and ornidazole",0501110C0,Metronidazole,Secondary exploratory,1.065,1.038,1.105,Sep,Jun,Bimodal,0.629,0.615,Poisson,Poisson + Newey–West HAC (Wald),Yes,0.00287,No
Central Nervous System,04.04.00,CNS stimulants and drugs used for ADHD,0404000M0,Methylphenidate hydrochloride,Secondary exploratory,1.065,1.044,1.105,Apr,Aug,Bimodal,0.710,0.962,Poisson,Poisson + Newey–West HAC (Wald),Yes,<0.001,No
Malignant Disease and Immunosuppression,08.03.04,Hormone antagonists,0803042S0,Triptorelin embonate,Secondary exploratory,1.063,1.046,1.131,Nov,Aug,Bimodal,0.523,0.972,Poisson,Poisson + Newey–West HAC (Wald),Yes,<0.001,No
Skin,13.05.02,Preparations for psoriasis,1305020W0,Calcitriol,Secondary exploratory,1.063,1.043,1.109,Apr,Sep,Unimodal,0.319,0.089,Negbin,Negative binomial (LRT),Yes,0.026,No
Endocrine System,06.01.04,Treatment of hypoglycaemia,0601040I0,Glucose,Secondary exploratory,1.063,1.053,1.080,Jul,Dec,Unimodal (non-sinusoidal),0.554,0.857,Poisson,Poisson + Newey–West HAC (Wald),Yes,<0.001,No
Respiratory System,03.02.00,Corticosteroids (respiratory),0302000K0,Budesonide,Secondary exploratory,1.059,1.046,1.075,Dec,Aug,Bimodal,0.468,0.953,Poisson,Poisson + Newey–West HAC (Wald),Yes,<0.001,No
"Ear, Nose and Oropharynx",12.02.02,Topical nasal decongestants,1202020L0,Sodium chloride,Secondary exploratory,1.059,1.048,1.077,Dec,Sep,Bimodal,0.406,0.611,Poisson,Poisson + Newey–West HAC (Wald),Yes,<0.001,No
Endocrine System,06.06.02,Bisphosphonates and other drugs,0606020Z0,Denosumab,Secondary exploratory,1.059,1.051,1.076,Jun,Sep,Bimodal,0.586,0.922,Poisson,Poisson + Newey–West HAC (Wald),No,<0.001,No
Gastro-Intestinal System,01.01.02,Compound alginates and proprietary indigestion preparations,0101021B0,Alginic acid compound preparations,Secondary exploratory,1.058,1.045,1.081,Dec,Jul,Unimodal (non-sinusoidal),0.170,0.106,Poisson,Poisson + Newey–West HAC (Wald),Yes,<0.001,No
Respiratory System,03.01.01,Adrenoceptor agonists,0301011V0,Terbutaline sulphate,Secondary exploratory,1.058,1.042,1.087,Dec,Aug,Bimodal,0.227,0.962,Poisson,Poisson + Newey–West HAC (Wald),Yes,<0.001,No
Gastro-Intestinal System,01.07.01,Soothing haemorrhoidal preparations,0107010Z0,Zinc oxide,Secondary exploratory,1.058,1.045,1.073,Feb,Jun,Bimodal,0.298,0.432,Poisson,Poisson + Newey–West HAC (Wald),Yes,<0.001,No
Skin,13.04.00,Topical corticosteroids,1304000D0,Betamethasone esters,Secondary exploratory,1.058,1.037,1.102,Jun,Nov,Unimodal,0.395,0.759,Negbin,Negative binomial (LRT),Yes,0.0348,No
Infections,05.01.03,Tetracyclines,0501030T0,Oxytetracycline,Secondary exploratory,1.057,1.040,1.082,Apr,Sep,Unimodal (non-sinusoidal),0.413,0.981,Poisson,Poisson + Newey–West HAC (Wald),Yes,<0.001,No
Skin,13.02.01,Emollients,130201000,Other emollient preparations,Secondary exploratory,1.057,1.048,1.074,Apr,Oct,Unimodal (non-sinusoidal),0.395,0.008,Poisson,Poisson + Newey–West HAC (Wald),Yes,<0.001,No
Musculoskeletal and Joint Diseases,10.01.01,Non-steroidal anti-inflammatory drugs,1001010J0,Ibuprofen,Secondary exploratory,1.057,1.039,1.078,Dec,Aug,Bimodal,0.462,0.965,Poisson,Poisson + Newey–West HAC (Wald),Yes,<0.001,No
Nutrition and Blood,09.01.01,Iron-deficiency anaemias,0901011W0,Sodium feredetate,Secondary exploratory,1.056,1.036,1.106,Jul,Dec,Unimodal (non-sinusoidal),0.494,0.826,Poisson,Poisson + Newey–West HAC (Wald),Yes,0.0361,No
Infections,05.01.03,Tetracyclines,0501030L0,Lymecycline,Secondary exploratory,1.056,1.036,1.090,Apr,Dec,Bimodal,0.603,0.882,Poisson,Poisson + Newey–West HAC (Wald),Yes,0.00139,No
Nutrition and Blood,09.01.02,Drugs used in megaloblastic anaemias,0901020N0,Hydroxocobalamin,Secondary exploratory,1.056,1.040,1.081,Jul,Nov,Bimodal,0.488,0.853,Poisson,Poisson + Newey–West HAC (Wald),No,<0.001,No
Nutrition and Blood,09.02.01,Oral preparation for fluid and electrolyte imbalance,0902012L0,Sodium chloride,Secondary exploratory,1.055,1.037,1.092,Aug,Dec,Unimodal,0.279,0.668,Negbin,Negative binomial (LRT),Yes,0.0108,No
Skin,13.02.01,Emollients,130201100,Emollient bath and shower preparations,Secondary exploratory,1.055,1.036,1.090,Apr,Oct,Unimodal,0.389,0.929,Negbin,Negative binomial (LRT),Yes,0.0166,No
Central Nervous System,04.09.01,Dopaminergic drugs used in parkinsonism,0409010U0,Cabergoline,Secondary exploratory,1.055,1.039,1.096,Jan,May,Unimodal,0.210,0.741,Poisson,Poisson + Newey–West HAC (Wald),Yes,0.00139,No
Cardiovascular System,02.05.05,Renin-angiotensin system drugs,0205051W0,Imidapril hydrochloride,Secondary exploratory,1.055,1.034,1.094,Jan,Apr,Bimodal,0.095,0.952,Poisson,Poisson + Newey–West HAC (Wald),Yes,<0.001,No
Skin,13.11.03,Cationic surfactants and soaps,1311030A0,Alkyl sulphate,Secondary exploratory,1.054,1.033,1.090,Apr,Jan,Bimodal,0.493,0.779,Poisson,Poisson + Newey–West HAC (Wald),Yes,0.00186,No
Malignant Disease and Immunosuppression,08.03.04,Hormone antagonists,0803042P0,Triptorelin acetate,Secondary exploratory,1.053,1.028,1.101,Jan,May,Bimodal,0.339,0.679,Poisson,Poisson + Newey–West HAC (Wald),Yes,0.00219,No
Endocrine System,06.04.01,Female sex hormones and their modulators,0604011G0,Estradiol,Secondary exploratory,1.053,1.036,1.089,Jul,Feb,Unimodal,0.194,0.962,Negbin,Negative binomial (LRT),Yes,0.0184,No
Respiratory System,03.04.01,Antihistamines,0304010W0,Promethazine hydrochloride,Secondary exploratory,1.052,1.039,1.077,Feb,Jun,Unimodal (non-sinusoidal),0.434,0.939,Poisson,Poisson + Newey–West HAC (Wald),Yes,<0.001,No
Gastro-Intestinal System,01.05.02,Corticosteroids,0105020D0,Prednisolone sodium metasulphobenzoate,Secondary exploratory,1.052,1.031,1.094,Aug,Dec,Bimodal,0.013,0.905,Poisson,Poisson (LRT),No,0.0492,No
Musculoskeletal and Joint Diseases,10.03.02,"Rubefacients, topical NSAIDs, capsaicin and poultices",1003020AF,Diclofenac diethyl,Secondary exploratory,1.051,1.046,1.064,Sep,Jan,Bimodal,0.208,0.790,Poisson,Poisson + Newey–West HAC (Wald),Yes,<0.001,No
Musculoskeletal and Joint Diseases,10.03.02,"Rubefacients, topical NSAIDs, capsaicin and poultices",1003020P0,Ibuprofen,Secondary exploratory,1.051,1.043,1.067,Sep,Jan,Bimodal,0.447,0.483,Poisson,Poisson + Newey–West HAC (Wald),Yes,<0.001,No
Gastro-Intestinal System,01.06.02,Stimulant laxatives,0106020P0,Sodium picosulfate,Secondary exploratory,1.051,1.033,1.090,Feb,Oct,Unimodal,0.492,0.812,Negbin,Negative binomial (LRT),Yes,0.0494,No
Central Nervous System,04.01.01,Hypnotics,0401010Y0,Zolpidem tartrate,Secondary exploratory,1.050,1.026,1.113,Feb,Sep,Unimodal (non-sinusoidal),0.000,0.726,Poisson,Poisson + Newey–West HAC (Wald),Yes,0.0488,No
Central Nervous System,04.01.01,Hypnotics,0401010AC,Sodium oxybate,Secondary exploratory,1.050,1.035,1.104,Feb,Jun,Unimodal,0.000,0.300,Poisson,Poisson + Newey–West HAC (Wald),Yes,0.0318,No
Eye,11.04.01,Corticosteroids,1104010K0,Fluorometholone,Secondary exploratory,1.050,1.029,1.073,Jun,Feb,Bimodal,0.180,0.231,Poisson,Poisson + Newey–West HAC (Wald),No,<0.001,No
Musculoskeletal and Joint Diseases,10.03.02,"Rubefacients, topical NSAIDs, capsaicin and poultices",1003020R0,Piroxicam,Secondary exploratory,1.048,1.041,1.070,Sep,Jan,Bimodal,0.057,0.671,Poisson,Poisson + Newey–West HAC (Wald),Yes,<0.001,No
Central Nervous System,04.01.01,Hypnotics,0401010Z0,Zopiclone,Secondary exploratory,1.048,1.039,1.066,Jan,Jun,Unimodal (non-sinusoidal),0.364,0.891,Poisson,Poisson + Newey–West HAC (Wald),Yes,<0.001,No
Nutrition and Blood,09.01.01,Iron-deficiency anaemias,090101100,Other oral iron preparations,Secondary exploratory,1.048,1.030,1.080,Sep,Feb,Unimodal,0.298,0.722,Poisson,Poisson (LRT),Yes,0.0113,No
Gastro-Intestinal System,01.07.01,Soothing haemorrhoidal preparations,0107010N0,Lidocaine hydrochloride,Secondary exploratory,1.047,1.029,1.073,Mar,Jun,Bimodal,0.516,0.600,Poisson,Poisson + Newey–West HAC (Wald),Yes,<0.001,No
"Obstetrics, Gynaecology and Urinary-Tract Disorders",07.03.01,Combined hormonal contraceptives and systems,0703010F0,Combined ethinylestradiol 30mcg,Secondary exploratory,1.047,1.035,1.067,Jul,Nov,Bimodal,0.489,0.967,Poisson,Poisson + Newey–West HAC (Wald),Yes,<0.001,No
Musculoskeletal and Joint Diseases,10.01.01,Non-steroidal anti-inflammatory drugs,1001010K0,Indometacin,Secondary exploratory,1.046,1.031,1.075,Jul,Nov,Unimodal,0.346,0.929,Negbin,Negative binomial (LRT),Yes,0.0136,No
Respiratory System,03.02.00,Corticosteroids (respiratory),0302000N0,Fluticasone propionate (Inhalation),Secondary exploratory,1.046,1.029,1.066,Dec,Aug,Bimodal,0.110,0.972,Poisson,Poisson + Newey–West HAC (Wald),Yes,<0.001,No
Infections,05.01.08,Sulfonamides and trimethoprim,0501080D0,Co-trimoxazole(Trimethoprim/sulfamethoxazole),Secondary exploratory,1.046,1.035,1.063,Dec,Aug,Bimodal,0.102,0.947,Poisson,Poisson + Newey–West HAC (Wald),Yes,<0.001,No
Cardiovascular System,02.11.00,Antifibrinolytic drugs and haemostatics,0211000P0,Tranexamic acid,Secondary exploratory,1.046,1.034,1.061,Aug,Dec,Bimodal,0.483,0.812,Poisson,Poisson + Newey–West HAC (Wald),Yes,<0.001,No
Respiratory System,03.02.00,Corticosteroids (respiratory),0302000U0,Ciclesonide,Secondary exploratory,1.045,1.033,1.062,Dec,Aug,Bimodal,0.343,0.849,Poisson,Poisson + Newey–West HAC (Wald),Yes,<0.001,No
Malignant Disease and Immunosuppression,08.03.04,Hormone antagonists,0803042N0,Leuprorelin acetate,Secondary exploratory,1.042,1.022,1.068,Feb,Oct,Bimodal,0.367,0.849,Poisson,Poisson + Newey–West HAC (Wald),Yes,0.00683,No
Central Nervous System,04.02.01,Antipsychotic drugs,0402010J0,Haloperidol,Secondary exploratory,1.041,1.032,1.055,Dec,Aug,Unimodal (non-sinusoidal),0.316,0.642,Poisson,Poisson + Newey–West HAC (Wald),Yes,<0.001,No
Cardiovascular System,02.04.00,Beta-adrenoceptor blocking drugs,0204000I0,Labetalol hydrochloride,Secondary exploratory,1.041,1.035,1.055,Apr,Sep,Bimodal,0.171,0.782,Poisson,Poisson + Newey–West HAC (Wald),Yes,<0.001,No
Central Nervous System,04.02.02,Antipsychotic depot injections,0402020Z0,Zuclopenthixol decanoate,Secondary exploratory,1.039,1.028,1.061,Jan,Sep,Unimodal,0.377,0.647,Poisson,Poisson + Newey–West HAC (Wald),Yes,<0.001,No
"Obstetrics, Gynaecology and Urinary-Tract Disorders",07.03.01,Combined hormonal contraceptives and systems,0703010E0,Combined ethinylestradiol 20mcg,Secondary exploratory,1.039,1.023,1.063,Jul,Nov,Unimodal (non-sinusoidal),0.448,0.905,Poisson,Poisson + Newey–West HAC (Wald),Yes,0.0099,No
Respiratory System,03.01.01,Adrenoceptor agonists,0301011U0,Salmeterol,Secondary exploratory,1.038,1.031,1.058,Nov,Aug,Bimodal,0.268,0.992,Poisson,Poisson + Newey–West HAC (Wald),Yes,<0.001,No
Central Nervous System,04.06.00,Drugs used in nausea and vertigo,0406000F0,Cyclizine hydrochloride,Secondary exploratory,1.038,1.027,1.059,Dec,May,Unimodal (non-sinusoidal),0.321,0.758,Poisson,Poisson + Newey–West HAC (Wald),Yes,<0.001,No
Malignant Disease and Immunosuppression,08.03.04,Hormone antagonists,0803043N0,Octreotide acetate,Secondary exploratory,1.038,1.033,1.087,Jan,Sep,Unimodal,0.197,0.891,Poisson,Poisson + Newey–West HAC (Wald),Yes,0.0025,No
"Obstetrics, Gynaecology and Urinary-Tract Disorders",07.04.02,Drugs for urinary frequency enuresis and incontinence,0704020G0,Flavoxate hydrochloride,Secondary exploratory,1.037,1.021,1.070,Nov,Mar,Unimodal,0.000,0.913,Poisson,Poisson + Newey–West HAC (Wald),No,0.0357,No
Gastro-Intestinal System,01.05.01,Aminosalicylates,0105010C0,Olsalazine sodium,Secondary exploratory,1.036,1.025,1.074,Jul,Mar,Unimodal,0.000,0.822,Poisson,Poisson + Newey–West HAC (Wald),No,0.0106,No
Central Nervous System,04.06.00,Drugs used in nausea and vertigo,0406000S0,Ondansetron hydrochloride,Secondary exploratory,1.036,1.017,1.069,Dec,Apr,Bimodal,0.259,0.885,Poisson,Poisson + Newey–West HAC (Wald),Yes,0.0429,No
Gastro-Intestinal System,01.06.04,Osmotic laxatives,0106040N0,Phosphates (Rectal),Secondary exploratory,1.035,1.025,1.068,Aug,Apr,Bimodal,0.095,0.527,Poisson,Poisson + Newey–West HAC (Wald),No,<0.001,No
Musculoskeletal and Joint Diseases,10.01.01,Non-steroidal anti-inflammatory drugs,1001010P0,Naproxen,Secondary exploratory,1.035,1.031,1.055,Aug,Dec,Bimodal,0.165,0.000,Poisson,Poisson + Newey–West HAC (Wald),Yes,<0.001,No
Cardiovascular System,02.02.02,Loop diuretics,0202020L0,Furosemide,Secondary exploratory,1.035,1.028,1.051,Jul,Feb,Unimodal (non-sinusoidal),0.000,0.000,Poisson,Poisson + Newey–West HAC (Wald),Yes,<0.001,No
Central Nervous System,04.06.00,Drugs used in nausea and vertigo,0406000T0,Prochlorperazine maleate,Secondary exploratory,1.035,1.024,1.051,Sep,May,Bimodal,0.382,0.193,Poisson,Poisson + Newey–West HAC (Wald),Yes,<0.001,No
Musculoskeletal and Joint Diseases,10.03.02,"Rubefacients, topical NSAIDs, capsaicin and poultices",1003020I0,Diethylamine salicylate,Secondary exploratory,1.034,1.025,1.064,May,Jan,Bimodal,0.132,0.972,Poisson,Poisson + Newey–West HAC (Wald),Yes,0.0139,No
Eye,11.08.01,"Tear deficiency, eye lubricant and astringent",1108010D0,Carmellose sodium,Secondary exploratory,1.034,1.023,1.061,Jul,Feb,Unimodal (non-sinusoidal),0.270,0.896,Poisson,Poisson + Newey–West HAC (Wald),No,<0.001,No
Malignant Disease and Immunosuppression,08.03.04,Hormone antagonists,0803042W0,Triptorelin,Secondary exploratory,1.034,1.020,1.058,Feb,Oct,Unimodal (non-sinusoidal),0.422,0.868,Poisson,Poisson + Newey–West HAC (Wald),Yes,<0.001,No
Musculoskeletal and Joint Diseases,10.03.02,"Rubefacients, topical NSAIDs, capsaicin and poultices",100302010,Ketoprofen,Secondary exploratory,1.034,1.026,1.056,Apr,Jan,Bimodal,0.053,0.000,Poisson,Poisson + Newey–West HAC (Wald),Yes,<0.001,No
"Ear, Nose and Oropharynx",12.03.01,Drugs for oral ulceration and inflammation,1203010K0,Choline salicylate,Secondary exploratory,1.034,1.027,1.080,Aug,Jan,Unimodal,0.065,0.289,Poisson,Poisson + Newey–West HAC (Wald),Yes,0.0137,No
Endocrine System,06.01.01,Insulin,0601011A0,Insulin aspart,Secondary exploratory,1.033,1.019,1.050,Jun,Sep,Bimodal,0.220,0.890,Poisson,Poisson + Newey–West HAC (Wald),Yes,0.00153,No
Respiratory System,03.01.01,Adrenoceptor agonists,0301011E0,Formoterol fumarate,Secondary exploratory,1.033,1.019,1.057,Dec,Aug,Bimodal,0.000,0.983,Poisson,Poisson + Newey–West HAC (Wald),Yes,0.0016,No
Central Nervous System,04.01.01,Hypnotics,0401010AD,Melatonin,Secondary exploratory,1.033,1.027,1.045,Jan,Aug,Unimodal (non-sinusoidal),0.298,0.978,Poisson,Poisson + Newey–West HAC (Wald),Yes,<0.001,No
Endocrine System,06.01.02,Antidiabetic drugs,0601023Z0,Metformin hydrochloride/vildagliptin,Secondary exploratory,1.033,1.017,1.063,Dec,Apr,Unimodal,0.182,0.961,Poisson,Poisson + Newey–West HAC (Wald),No,<0.001,No
Musculoskeletal and Joint Diseases,10.02.02,Skeletal muscle relaxants,1002020J0,Dantrolene sodium,Secondary exploratory,1.032,1.022,1.046,Dec,Mar,Bimodal,0.050,0.393,Poisson,Poisson + Newey–West HAC (Wald),No,<0.001,No
Endocrine System,06.01.01,Insulin,0601011L0,Insulin Lispro,Secondary exploratory,1.032,1.023,1.049,Dec,Sep,Bimodal,0.000,0.473,Poisson,Poisson + Newey–West HAC (Wald),Yes,<0.001,No
Infections,05.03.02,Herpesvirus infections,0503021A0,Valaciclovir,Secondary exploratory,1.032,1.017,1.059,Dec,Mar,Bimodal,0.022,0.913,Poisson,Poisson + Newey–West HAC (Wald),No,0.0259,No
Cardiovascular System,02.07.02,Vasoconstrictor sympathomimetics,0207020Y0,Midodrine hydrochloride,Secondary exploratory,1.032,1.019,1.053,Nov,Apr,Unimodal (non-sinusoidal),0.160,0.988,Poisson,Poisson + Newey–West HAC (Wald),Yes,<0.001,No
Cardiovascular System,02.05.04,Alpha-adrenoceptor blocking drugs,0205040S0,Prazosin hydrochloride,Secondary exploratory,1.031,1.019,1.061,Jan,Aug,Unimodal,0.308,0.982,Poisson,Poisson + Newey–West HAC (Wald),Yes,0.0336,No
Cardiovascular System,02.05.05,Renin-angiotensin system drugs,0205052AB,Olmesartan medoxomil/amlodipine,Secondary exploratory,1.031,1.022,1.053,May,Sep,Unimodal,0.002,0.697,Poisson,Poisson + Newey–West HAC (Wald),Yes,0.00109,No
Cardiovascular System,02.02.04,Potassium sparing diuretics and compounds,0202040B0,Co-amilofruse (Amiloride hydrochloride/frusemide),Secondary exploratory,1.030,1.019,1.050,Oct,Feb,Unimodal (non-sinusoidal),0.212,0.978,Poisson,Poisson + Newey–West HAC (Wald),Yes,0.00776,No
Endocrine System,06.01.01,Insulin,0601011P0,Insulin glulisine,Secondary exploratory,1.029,1.018,1.048,Dec,Aug,Bimodal,0.227,0.871,Poisson,Poisson + Newey–West HAC (Wald),Yes,0.00107,No
Eye,11.04.01,Corticosteroids,1104010I0,Dexamethasone,Secondary exploratory,1.029,1.020,1.055,Aug,Jan,Unimodal (non-sinusoidal),0.090,0.040,Poisson,Poisson + Newey–West HAC (Wald),No,0.0327,No
Cardiovascular System,02.02.02,Loop diuretics,0202020D0,Bumetanide,Secondary exploratory,1.029,1.017,1.056,Jun,Feb,Unimodal (non-sinusoidal),0.000,0.167,Poisson,Poisson + Newey–West HAC (Wald),Yes,0.0401,No
Central Nervous System,04.07.01,Non-opioid analgesics and compound preparations,0407010H0,Paracetamol,Secondary exploratory,1.029,1.025,1.039,Dec,Aug,Bimodal,0.000,0.343,Poisson,Poisson + Newey–West HAC (Wald),Yes,<0.001,No
Cardiovascular System,02.08.02,Oral anticoagulants,0208020H0,Acenocoumarol,Secondary exploratory,1.028,1.018,1.052,Dec,Apr,Unimodal,0.040,0.872,Poisson,Poisson + Newey–West HAC (Wald),Yes,0.00191,No
Central Nervous System,04.07.01,Non-opioid analgesics and compound preparations,0407010P0,Nefopam hydrochloride,Secondary exploratory,1.028,1.022,1.047,May,Dec,Unimodal (non-sinusoidal),0.135,0.990,Poisson,Poisson + Newey–West HAC (Wald),Yes,<0.001,No
Nutrition and Blood,09.01.02,Drugs used in megaloblastic anaemias,0901020D0,Cyanocobalamin,Secondary exploratory,1.028,1.020,1.041,Sep,Mar,Unimodal (non-sinusoidal),0.184,0.974,Poisson,Poisson + Newey–West HAC (Wald),No,<0.001,No
Central Nervous System,04.09.03,"Essential tremor,chorea,tics and related disorders",0409030C0,Tetrabenazine,Secondary exploratory,1.028,1.016,1.063,Dec,Apr,Unimodal,0.213,0.229,Poisson,Poisson + Newey–West HAC (Wald),No,0.00256,No
Infections,05.04.01,Antimalarials,0504010Y0,Quinine sulfate,Secondary exploratory,1.027,1.021,1.044,Sep,Mar,Unimodal (non-sinusoidal),0.195,0.887,Poisson,Poisson + Newey–West HAC (Wald),Yes,<0.001,No
Central Nervous System,04.08.01,Control of epilepsy,0408010Z0,Phenytoin,Secondary exploratory,1.027,1.015,1.051,Dec,Aug,Unimodal,0.019,0.808,Poisson,Poisson + Newey–West HAC (Wald),Yes,0.011,No
Nutrition and Blood,09.01.01,Iron-deficiency anaemias,0901011P0,Ferrous sulfate,Secondary exploratory,1.027,1.021,1.043,Jul,Jan,Unimodal (non-sinusoidal),0.225,0.896,Poisson,Poisson + Newey–West HAC (Wald),Yes,<0.001,No
Central Nervous System,04.06.00,Drugs used in nausea and vertigo,0406000P0,Metoclopramide hydrochloride,Secondary exploratory,1.027,1.020,1.041,Nov,May,Unimodal,0.000,0.827,Poisson,Poisson + Newey–West HAC (Wald),Yes,<0.001,No
"Obstetrics, Gynaecology and Urinary-Tract Disorders",07.02.01,Preparations for vaginal and vulval changes,0702010F0,Estriol,Secondary exploratory,1.027,1.021,1.058,Oct,Mar,Unimodal (non-sinusoidal),0.000,0.966,Poisson,Poisson + Newey–West HAC (Wald),No,0.0026,No
Respiratory System,03.04.01,Antihistamines,0304010Y0,Alimemazine tartrate,Secondary exploratory,1.026,1.018,1.043,Dec,Sep,Unimodal,0.370,0.838,Poisson,Poisson + Newey–West HAC (Wald),Yes,0.00283,No
Central Nervous System,04.11.00,Dementia,0411000G0,Memantine hydrochloride,Secondary exploratory,1.026,1.015,1.049,Nov,Mar,Bimodal,0.000,0.938,Poisson,Poisson + Newey–West HAC (Wald),Yes,<0.001,No
Endocrine System,06.01.02,Antidiabetic drugs,0601023AU,Ins degludec/liraglutide,Secondary exploratory,1.026,1.018,1.049,May,Sep,Unimodal,0.310,0.983,Poisson,Poisson + Newey–West HAC (Wald),No,0.009,No
Central Nervous System,04.03.03,Selective serotonin re-uptake inhibitors,0403030Z0,Citalopram hydrochloride,Secondary exploratory,1.026,1.017,1.045,Nov,Apr,Unimodal,0.120,0.658,Poisson,Poisson + Newey–West HAC (Wald),Yes,<0.001,No
Respiratory System,03.03.02,Leukotriene receptor antagonists,0303020G0,Montelukast,Secondary exploratory,1.025,1.020,1.035,Dec,Sep,Bimodal,0.000,0.775,Poisson,Poisson + Newey–West HAC (Wald),Yes,<0.001,No
Cardiovascular System,02.08.02,Oral anticoagulants,0208020V0,Warfarin sodium,Secondary exploratory,1.025,1.016,1.041,Nov,Mar,Bimodal,0.143,0.978,Poisson,Poisson + Newey–West HAC (Wald),Yes,<0.001,No
Endocrine System,06.03.02,Glucocorticoid therapy,0603020J0,Hydrocortisone,Secondary exploratory,1.025,1.015,1.045,Dec,Mar,Bimodal,0.192,0.807,Poisson,Poisson + Newey–West HAC (Wald),Yes,<0.001,No
Cardiovascular System,02.05.05,Renin-angiotensin system drugs,0205051F0,Captopril,Secondary exploratory,1.025,1.016,1.039,Nov,Aug,Bimodal,0.113,0.958,Poisson,Poisson + Newey–West HAC (Wald),Yes,<0.001,No
Nutrition and Blood,09.06.04,Vitamin D,0906040G0,Colecalciferol,Secondary exploratory,1.024,1.018,1.041,Apr,Aug,Unimodal (non-sinusoidal),0.000,0.563,Poisson,Poisson + Newey–West HAC (Wald),Yes,<0.001,No
Central Nervous System,04.08.01,Control of epilepsy,0408010AF,Rufinamide,Secondary exploratory,1.024,1.017,1.061,Dec,Mar,Unimodal,0.252,0.261,Poisson,Poisson + Newey–West HAC (Wald),Yes,0.00906,No
Gastro-Intestinal System,01.03.01,H2-receptor antagonists,0103010H0,Famotidine,Secondary exploratory,1.024,1.016,1.039,Nov,Apr,Unimodal (non-sinusoidal),0.000,0.994,Poisson,Poisson + Newey–West HAC (Wald),Yes,<0.001,No
Gastro-Intestinal System,01.04.02,Antimotility drugs,0104020L0,Loperamide hydrochloride,Secondary exploratory,1.024,1.016,1.041,Jul,Mar,Unimodal (non-sinusoidal),0.174,0.062,Poisson,Poisson + Newey–West HAC (Wald),Yes,<0.001,No
Central Nervous System,04.09.01,Dopaminergic drugs used in parkinsonism,0409010Z0,Rotigotine,Secondary exploratory,1.023,1.012,1.047,Nov,Mar,Bimodal,0.000,0.138,Poisson,Poisson + Newey–West HAC (Wald),Yes,<0.001,No
Respiratory System,03.07.00,Mucolytics,0307000J0,Carbocisteine,Secondary exploratory,1.023,1.018,1.032,Dec,Aug,Bimodal,0.000,0.886,Poisson,Poisson + Newey–West HAC (Wald),Yes,<0.001,No
Malignant Disease and Immunosuppression,08.01.03,Antimetabolites,0801030P0,Methotrexate,Secondary exploratory,1.023,1.013,1.040,Jun,Feb,Unimodal,0.260,0.762,Poisson,Poisson + Newey–West HAC (Wald),No,0.0401,No
Endocrine System,06.03.01,Replacement therapy,0603010I0,Fludrocortisone acetate,Secondary exploratory,1.023,1.016,1.040,Dec,Apr,Unimodal (non-sinusoidal),0.000,0.855,Poisson,Poisson + Newey–West HAC (Wald),Yes,<0.001,No
Central Nervous System,04.10.03,Opioid dependence,0410030A0,Buprenorphine hydrochloride,Secondary exploratory,1.023,1.015,1.040,May,Aug,Bimodal,0.158,0.599,Poisson,Poisson + Newey–West HAC (Wald),Yes,0.00656,No
Eye,11.08.01,"Tear deficiency, eye lubricant and astringent",1108010C0,Acetylcysteine,Secondary exploratory,1.022,1.016,1.045,Aug,Mar,Unimodal,0.230,0.143,Poisson,Poisson + Newey–West HAC (Wald),No,0.00503,No
Respiratory System,03.04.01,Antihistamines,0304010J0,Hydroxyzine hydrochloride,Secondary exploratory,1.022,1.014,1.038,Jan,Sep,Unimodal,0.000,0.533,Poisson,Poisson + Newey–West HAC (Wald),Yes,0.0014,No
Nutrition and Blood,09.01.01,Iron-deficiency anaemias,0901011F0,Ferrous fumarate,Secondary exploratory,1.022,1.016,1.044,Jul,Feb,Unimodal (non-sinusoidal),0.000,0.553,Poisson,Poisson + Newey–West HAC (Wald),Yes,0.00215,No
Cardiovascular System,02.05.05,Renin-angiotensin system drugs,0205052V0,Valsartan,Secondary exploratory,1.022,1.014,1.037,Nov,Feb,Bimodal,0.119,0.617,Poisson,Poisson + Newey–West HAC (Wald),Yes,0.0199,No
Cardiovascular System,02.06.02,Calcium-channel blockers,0206020A0,Amlodipine,Secondary exploratory,1.021,1.016,1.033,Apr,Aug,Unimodal (non-sinusoidal),0.000,0.788,Poisson,Poisson + Newey–West HAC (Wald),Yes,<0.001,No
Central Nervous System,04.11.00,Dementia,0411000D0,Donepezil hydrochloride,Secondary exploratory,1.021,1.014,1.037,Nov,Mar,Unimodal (non-sinusoidal),0.037,0.359,Poisson,Poisson + Newey–West HAC (Wald),Yes,<0.001,No
Gastro-Intestinal System,01.06.04,Osmotic laxatives,0106040G0,Lactulose,Secondary exploratory,1.021,1.016,1.041,Jan,Jun,Unimodal (non-sinusoidal),0.009,0.248,Poisson,Poisson + Newey–West HAC (Wald),No,0.00147,No
Malignant Disease and Immunosuppression,08.03.04,Hormone antagonists,0803041C0,Exemestane,Secondary exploratory,1.021,1.011,1.041,Dec,Mar,Bimodal,0.000,0.759,Poisson,Poisson + Newey–West HAC (Wald),Yes,0.0224,No
Infections,05.01.13,Urinary-tract infections,0501130H0,Methenamine hippurate,Secondary exploratory,1.021,1.011,1.039,Dec,Apr,Bimodal,0.000,0.996,Poisson,Poisson + Newey–West HAC (Wald),Yes,0.00314,No
Gastro-Intestinal System,01.06.02,Stimulant laxatives,0106020M0,Senna,Secondary exploratory,1.021,1.011,1.039,Nov,Mar,Unimodal (non-sinusoidal),0.147,0.598,Poisson,Poisson + Newey–West HAC (Wald),Yes,0.00719,No
Central Nervous System,04.09.01,Dopaminergic drugs used in parkinsonism,0409010V0,Entacapone,Secondary exploratory,1.020,1.012,1.043,Dec,Mar,Bimodal,0.015,0.496,Poisson,Poisson + Newey–West HAC (Wald),Yes,0.0267,No
Endocrine System,06.01.06,Diabetic diagnostic and monitoring agents,0601060D0,Glucose blood testing reagents,Secondary exploratory,1.020,1.017,1.033,Aug,Dec,Unimodal (non-sinusoidal),0.126,0.907,Poisson,Poisson + Newey–West HAC (Wald),Yes,<0.001,No
Central Nervous System,04.10.03,Opioid dependence,0410030C0,Methadone hydrochloride,Secondary exploratory,1.020,1.013,1.037,May,Sep,Bimodal,0.143,0.891,Poisson,Poisson + Newey–West HAC (Wald),Yes,0.00614,No
Respiratory System,03.01.02,Antimuscarinic bronchodilators,0301020S0,Glycopyrronium bromide,Secondary exploratory,1.020,1.012,1.041,Dec,Apr,Bimodal,0.159,0.994,Poisson,Poisson + Newey–West HAC (Wald),Yes,0.0215,No
Nutrition and Blood,09.01.01,Iron-deficiency anaemias,0901011H0,Ferrous gluconate,Secondary exploratory,1.020,1.014,1.041,Aug,Jan,Unimodal,0.009,0.136,Poisson,Poisson + Newey–West HAC (Wald),Yes,0.0147,No
Central Nervous System,04.06.00,Drugs used in nausea and vertigo,0406000J0,Domperidone,Secondary exploratory,1.020,1.013,1.045,Dec,Aug,Bimodal,0.000,0.917,Poisson,Poisson + Newey–West HAC (Wald),Yes,0.0297,No
Central Nervous System,04.03.04,Other antidepressant drugs,0403040U0,Reboxetine,Secondary exploratory,1.020,1.014,1.041,Apr,Aug,Unimodal,0.108,0.637,Poisson,Poisson + Newey–West HAC (Wald),Yes,<0.001,No
Central Nervous System,04.03.01,Tricyclic and related antidepressant drugs,0403010R0,Lofepramine hydrochloride,Secondary exploratory,1.019,1.013,1.033,Nov,Jul,Bimodal,0.198,0.956,Poisson,Poisson + Newey–West HAC (Wald),Yes,<0.001,No
Malignant Disease and Immunosuppression,08.02.02,Corticosteroids and other immunosuppressants,0802020T0,Tacrolimus,Secondary exploratory,1.019,1.013,1.037,Dec,Apr,Unimodal,0.000,0.882,Poisson,Poisson + Newey–West HAC (Wald),No,0.00954,No
Central Nervous System,04.04.00,CNS stimulants and drugs used for ADHD,0404000R0,Modafinil,Secondary exploratory,1.019,1.010,1.036,Jun,Mar,Bimodal,0.000,0.000,Poisson,Poisson + Newey–West HAC (Wald),Yes,0.0095,No
Endocrine System,06.01.01,Insulin,0601012D0,Biphasic isophane insulin,Secondary exploratory,1.019,1.011,1.036,Nov,Mar,Bimodal,0.162,0.590,Poisson,Poisson + Newey–West HAC (Wald),Yes,0.00949,No
Endocrine System,06.01.01,Insulin,0601012S0,Isophane insulin,Secondary exploratory,1.019,1.012,1.039,Dec,Mar,Bimodal,0.000,0.000,Poisson,Poisson + Newey–West HAC (Wald),Yes,<0.001,No
Central Nervous System,04.07.02,Opioid analgesics,0407020A0,Fentanyl,Secondary exploratory,1.019,1.010,1.036,Jul,Mar,Unimodal (non-sinusoidal),0.187,0.968,Poisson,Poisson + Newey–West HAC (Wald),No,0.0218,No
Cardiovascular System,02.02.01,Thiazides and related diuretics,0202010P0,Indapamide,Secondary exploratory,1.019,1.015,1.029,May,Sep,Bimodal,0.000,0.722,Poisson,Poisson + Newey–West HAC (Wald),Yes,<0.001,No
Central Nervous System,04.09.01,Dopaminergic drugs used in parkinsonism,0409010N0,Co-careldopa (Carbidopa/levodopa),Secondary exploratory,1.019,1.011,1.037,Nov,Mar,Bimodal,0.000,0.702,Poisson,Poisson + Newey–West HAC (Wald),Yes,<0.001,No
Central Nervous System,04.03.04,Other antidepressant drugs,0403040X0,Mirtazapine,Secondary exploratory,1.018,1.015,1.035,Jan,Jul,Unimodal (non-sinusoidal),0.000,0.701,Poisson,Poisson + Newey–West HAC (Wald),Yes,<0.001,No
Respiratory System,03.01.02,Antimuscarinic bronchodilators,0301020Q0,Tiotropium bromide,Secondary exploratory,1.018,1.012,1.033,Dec,Aug,Bimodal,0.159,0.979,Poisson,Poisson + Newey–West HAC (Wald),Yes,0.00639,No
Gastro-Intestinal System,01.02.00,Antispasmodics and other drugs altering gut motility,0102000T0,Peppermint oil,Secondary exploratory,1.018,1.014,1.036,Sep,Jan,Unimodal (non-sinusoidal),0.000,0.000,Poisson,Poisson + Newey–West HAC (Wald),No,<0.001,No
Central Nervous System,04.07.04,Antimigraine drugs,0407042Q0,Pizotifen malate,Secondary exploratory,1.018,1.014,1.030,May,Aug,Bimodal,0.203,0.141,Poisson,Poisson + Newey–West HAC (Wald),No,<0.001,No
"Obstetrics, Gynaecology and Urinary-Tract Disorders",07.04.01,Drugs for urinary retention,0704010V0,Tamsulosin and dutasteride hydrochloride,Secondary exploratory,1.018,1.010,1.036,Nov,Feb,Bimodal,0.000,0.615,Poisson,Poisson + Newey–West HAC (Wald),Yes,0.0202,No
Nutrition and Blood,09.06.07,Multivitamin preparations,090607000,Other multivitamin preparations,Secondary exploratory,1.018,1.013,1.032,Dec,Jul,Unimodal (non-sinusoidal),0.010,0.889,Poisson,Poisson + Newey–West HAC (Wald),Yes,<0.001,No
"Obstetrics, Gynaecology and Urinary-Tract Disorders",07.03.02,Progestogen-only contraceptives,0703021Q0,Desogestrel,Secondary exploratory,1.018,1.010,1.034,Jul,Oct,Bimodal,0.374,0.883,Poisson,Poisson + Newey–West HAC (Wald),Yes,0.0286,No
"Obstetrics, Gynaecology and Urinary-Tract Disorders",07.04.05,Drugs for erectile dysfunction,0704050R0,Tadalafil,Secondary exploratory,1.017,1.009,1.036,Dec,Apr,Bimodal,0.000,0.949,Poisson,Poisson + Newey–West HAC (Wald),No,0.0137,No
Endocrine System,06.01.01,Insulin,0601012W0,Biphasic insulin aspart,Secondary exploratory,1.017,1.009,1.034,Nov,Mar,Bimodal,0.153,0.882,Poisson,Poisson + Newey–West HAC (Wald),Yes,0.0386,No
Endocrine System,06.01.02,Antidiabetic drugs,0601023AG,Dapagliflozin,Secondary exploratory,1.017,1.008,1.031,Nov,Mar,Bimodal,0.091,0.998,Poisson,Poisson + Newey–West HAC (Wald),No,0.0492,No
Central Nervous System,04.09.01,Dopaminergic drugs used in parkinsonism,0409010W0,Pramipexole,Secondary exploratory,1.017,1.010,1.034,Nov,Mar,Unimodal (non-sinusoidal),0.000,0.787,Poisson,Poisson + Newey–West HAC (Wald),Yes,0.0261,No
Central Nervous System,04.08.01,Control of epilepsy,0408010H0,Lamotrigine,Secondary exploratory,1.017,1.010,1.032,Dec,Mar,Bimodal,0.000,0.849,Poisson,Poisson + Newey–West HAC (Wald),Yes,<0.001,No
Central Nervous System,04.03.01,Tricyclic and related antidepressant drugs,0403010F0,Clomipramine hydrochloride,Secondary exploratory,1.017,1.011,1.031,Nov,Aug,Bimodal,0.000,0.115,Poisson,Poisson + Newey–West HAC (Wald),Yes,<0.001,No
Central Nervous System,04.07.02,Opioid analgesics,0407020Q0,Morphine sulfate,Secondary exploratory,1.017,1.012,1.031,Nov,Aug,Bimodal,0.000,0.339,Poisson,Poisson + Newey–West HAC (Wald),No,<0.001,No
Central Nervous System,04.01.02,Anxiolytics,0401020P0,Lorazepam,Secondary exploratory,1.017,1.012,1.038,Nov,Apr,Bimodal,0.000,0.490,Poisson,Poisson + Newey–West HAC (Wald),No,0.0113,No
Cardiovascular System,02.05.05,Renin-angiotensin system drugs,0205052Q0,Telmisartan,Secondary exploratory,1.017,1.011,1.034,Oct,Mar,Unimodal,0.000,0.139,Poisson,Poisson + Newey–West HAC (Wald),Yes,0.0341,No
Endocrine System,06.01.01,Insulin,0601012F0,Biphasic insulin lispro,Secondary exploratory,1.016,1.011,1.032,Nov,Aug,Bimodal,0.143,0.937,Poisson,Poisson + Newey–West HAC (Wald),Yes,0.0104,No
Musculoskeletal and Joint Diseases,10.01.01,Non-steroidal anti-inflammatory drugs,1001010AH,Celecoxib,Secondary exploratory,1.016,1.011,1.030,May,Jan,Bimodal,0.143,0.892,Poisson,Poisson + Newey–West HAC (Wald),Yes,0.00361,No
Cardiovascular System,02.06.03,Other antianginal drugs,0206030Z0,Ranolazine,Secondary exploratory,1.016,1.011,1.033,Nov,Mar,Bimodal,0.000,0.973,Poisson,Poisson + Newey–West HAC (Wald),Yes,<0.001,No
Cardiovascular System,02.12.00,Lipid-regulating drugs,0212000P0,Fenofibrate,Secondary exploratory,1.016,1.012,1.035,Dec,Aug,Bimodal,0.000,0.000,Poisson,Poisson + Newey–West HAC (Wald),Yes,<0.001,No
Central Nervous System,04.07.02,Opioid analgesics,0407020AD,Oxycodone hydrochloride,Secondary exploratory,1.016,1.009,1.033,Nov,Mar,Bimodal,0.000,0.048,Poisson,Poisson + Newey–West HAC (Wald),No,0.0482,No
Central Nervous System,04.07.02,Opioid analgesics,0407020B0,Buprenorphine,Secondary exploratory,1.016,1.009,1.034,Jun,Feb,Bimodal,0.000,0.241,Poisson,Poisson + Newey–West HAC (Wald),No,0.0157,No
Nutrition and Blood,09.02.01,Oral preparation for fluid and electrolyte imbalance,0902013S0,Sodium bicarbonate,Secondary exploratory,1.016,1.009,1.031,Sep,Apr,Unimodal,0.023,0.935,Poisson,Poisson + Newey–West HAC (Wald),Yes,0.00523,No
Endocrine System,06.04.02,Male sex hormones and antagonists,0604020C0,Finasteride,Secondary exploratory,1.016,1.012,1.032,Nov,Jul,Bimodal,0.111,0.665,Poisson,Poisson + Newey–West HAC (Wald),Yes,<0.001,No
Malignant Disease and Immunosuppression,08.03.04,Hormone antagonists,0803041L0,Letrozole,Secondary exploratory,1.016,1.008,1.033,Nov,Mar,Bimodal,0.000,0.714,Poisson,Poisson + Newey–West HAC (Wald),Yes,0.00719,No
Central Nervous System,04.02.01,Antipsychotic drugs,040201030,Risperidone,Secondary exploratory,1.016,1.010,1.033,Nov,Mar,Bimodal,0.000,0.000,Poisson,Poisson + Newey–West HAC (Wald),Yes,0.0025,No
Central Nervous System,04.03.01,Tricyclic and related antidepressant drugs,0403010B0,Amitriptyline hydrochloride,Secondary exploratory,1.015,1.012,1.034,Nov,Jul,Bimodal,0.000,0.162,Poisson,Poisson + Newey–West HAC (Wald),Yes,<0.001,No
Endocrine System,06.01.02,Antidiabetic drugs,0601023AE,Linagliptin,Secondary exploratory,1.015,1.008,1.031,Nov,Mar,Unimodal (non-sinusoidal),0.000,0.501,Poisson,Poisson + Newey–West HAC (Wald),No,0.0218,No
"Obstetrics, Gynaecology and Urinary-Tract Disorders",07.04.01,Drugs for urinary retention,0704010U0,Tamsulosin hydrochloride,Secondary exploratory,1.015,1.012,1.027,Nov,Aug,Bimodal,0.000,0.803,Poisson,Poisson + Newey–West HAC (Wald),Yes,<0.001,No
Cardiovascular System,02.03.02,Drugs for arrhythmias,0203020I0,Flecainide acetate,Secondary exploratory,1.015,1.009,1.032,Dec,Mar,Bimodal,0.000,0.065,Poisson,Poisson + Newey–West HAC (Wald),No,0.00249,No
Malignant Disease and Immunosuppression,08.03.04,Hormone antagonists,0803041B0,Anastrozole,Secondary exploratory,1.015,1.010,1.030,Nov,Mar,Bimodal,0.086,0.698,Poisson,Poisson + Newey–West HAC (Wald),Yes,0.0099,No
Musculoskeletal and Joint Diseases,10.01.04,Gout and cytotoxic induced hyperuicaemia,1001040C0,Allopurinol,Secondary exploratory,1.015,1.009,1.031,Nov,Mar,Unimodal (non-sinusoidal),0.000,0.609,Poisson,Poisson + Newey–West HAC (Wald),Yes,<0.001,No
Cardiovascular System,02.05.04,Alpha-adrenoceptor blocking drugs,0205040D0,Doxazosin mesilate,Secondary exploratory,1.015,1.010,1.025,Apr,Aug,Bimodal,0.000,0.579,Poisson,Poisson + Newey–West HAC (Wald),Yes,0.00225,No
Central Nervous System,04.02.03,Drugs used for mania and hypomania,0402030K0,Lithium carbonate,Secondary exploratory,1.014,1.010,1.035,Dec,Aug,Bimodal,0.133,0.475,Poisson,Poisson + Newey–West HAC (Wald),Yes,<0.001,No
Cardiovascular System,02.06.03,Other antianginal drugs,0206030N0,Nicorandil,Secondary exploratory,1.014,1.009,1.029,Nov,Feb,Bimodal,0.000,0.931,Poisson,Poisson + Newey–West HAC (Wald),Yes,0.00338,No
Central Nervous System,04.03.01,Tricyclic and related antidepressant drugs,0403010X0,Trazodone hydrochloride,Secondary exploratory,1.014,1.011,1.029,Dec,Aug,Unimodal (non-sinusoidal),0.103,0.633,Poisson,Poisson + Newey–West HAC (Wald),Yes,<0.001,No
Central Nervous System,04.03.01,Tricyclic and related antidepressant drugs,0403010J0,Dosulepin hydrochloride,Secondary exploratory,1.014,1.009,1.030,Dec,Aug,Bimodal,0.000,0.968,Poisson,Poisson + Newey–West HAC (Wald),Yes,0.0207,No
Central Nervous System,04.02.01,Antipsychotic drugs,0402010A0,Amisulpride,Secondary exploratory,1.014,1.008,1.027,Nov,Jul,Bimodal,0.000,0.462,Poisson,Poisson + Newey–West HAC (Wald),Yes,0.0318,No
Musculoskeletal and Joint Diseases,10.02.02,Skeletal muscle relaxants,1002020C0,Baclofen,Secondary exploratory,1.013,1.009,1.030,Dec,Sep,Bimodal,0.000,0.575,Poisson,Poisson + Newey–West HAC (Wald),No,0.00379,No
Cardiovascular System,02.06.02,Calcium-channel blockers,0206020F0,Felodipine,Secondary exploratory,1.013,1.010,1.024,Apr,Aug,Bimodal,0.000,0.171,Poisson,Poisson + Newey–West HAC (Wald),Yes,<0.001,No
Gastro-Intestinal System,01.03.05,Proton pump inhibitors,0103050R0,Pantoprazole,Secondary exploratory,1.013,1.010,1.029,Nov,Jul,Unimodal (non-sinusoidal),0.000,0.650,Poisson,Poisson + Newey–West HAC (Wald),No,0.0179,No
"Obstetrics, Gynaecology and Urinary-Tract Disorders",07.04.02,Drugs for urinary frequency enuresis and incontinence,0704020AE,Mirabegron,Secondary exploratory,1.013,1.008,1.028,Nov,Aug,Bimodal,0.000,0.969,Poisson,Poisson + Newey–West HAC (Wald),No,0.0295,No
"Obstetrics, Gynaecology and Urinary-Tract Disorders",07.04.02,Drugs for urinary frequency enuresis and incontinence,0704020AB,Solifenacin,Secondary exploratory,1.013,1.009,1.029,Nov,Aug,Bimodal,0.000,0.873,Poisson,Poisson + Newey–West HAC (Wald),No,<0.001,No
Nutrition and Blood,09.06.04,Vitamin D,0906040B0,Alfacalcidol,Secondary exploratory,1.013,1.007,1.026,Nov,Mar,Bimodal,0.000,0.404,Poisson,Poisson + Newey–West HAC (Wald),Yes,0.0145,No
Central Nervous System,04.08.01,Control of epilepsy,0408010W0,Sodium valproate,Secondary exploratory,1.013,1.009,1.031,Dec,Mar,Bimodal,0.000,0.815,Poisson,Poisson + Newey–West HAC (Wald),Yes,0.00111,No
Central Nervous System,04.07.01,Non-opioid analgesics and compound preparations,0407010N0,Co-dydramol (Dihydrocodeine/paracetamol),Secondary exploratory,1.013,1.010,1.033,Oct,Jul,Bimodal,0.000,0.926,Poisson,Poisson + Newey–West HAC (Wald),Yes,0.00659,No
Endocrine System,06.01.02,Antidiabetic drugs,0601023AL,Dapagliflozin/metformin,Secondary exploratory,1.013,1.009,1.024,Dec,Apr,Unimodal,0.000,0.983,Poisson,Poisson + Newey–West HAC (Wald),No,0.00838,No
Respiratory System,03.02.00,Corticosteroids (respiratory),0302000AA,BeclometDiprop/Formoterol/Glycopyrronium (Corticosteroids),Secondary exploratory,1.013,1.007,1.029,Dec,Sep,Bimodal,0.072,0.990,Poisson,Poisson + Newey–West HAC (Wald),Yes,0.03,No
Cardiovascular System,02.02.03,Potassium-sparing diuretics and aldosterone antagonists,0202030X0,Eplerenone,Secondary exploratory,1.013,1.007,1.028,Nov,Mar,Bimodal,0.000,0.981,Poisson,Poisson + Newey–West HAC (Wald),Yes,0.00523,No
Central Nervous System,04.08.01,Control of epilepsy,0408010Q0,Phenytoin sodium,Secondary exploratory,1.012,1.009,1.030,Nov,Mar,Bimodal,0.000,0.908,Poisson,Poisson + Newey–West HAC (Wald),Yes,0.00308,No
Cardiovascular System,02.09.00,Antiplatelet drugs,0209000Y0,Prasugrel,Secondary exploratory,1.012,1.010,1.032,Dec,Mar,Bimodal,0.146,0.978,Poisson,Poisson + Newey–West HAC (Wald),Yes,<0.001,No
Cardiovascular System,02.01.01,Cardiac glycosides,0201010F0,Digoxin,Secondary exploratory,1.012,1.008,1.030,Nov,Mar,Bimodal,0.000,0.244,Poisson,Poisson + Newey–West HAC (Wald),Yes,0.00133,No
Gastro-Intestinal System,01.03.05,Proton pump inhibitors,0103050E0,Esomeprazole,Secondary exploratory,1.012,1.008,1.025,Dec,Aug,Bimodal,0.000,0.439,Poisson,Poisson + Newey–West HAC (Wald),No,0.00808,No
Central Nervous System,04.06.00,Drugs used in nausea and vertigo,0406000B0,Betahistine hydrochloride,Secondary exploratory,1.012,1.008,1.030,Oct,Feb,Unimodal (non-sinusoidal),0.000,0.000,Poisson,Poisson + Newey–West HAC (Wald),Yes,0.0156,No
Central Nervous System,04.08.01,Control of epilepsy,0408010F0,Clonazepam,Secondary exploratory,1.012,1.008,1.028,Dec,Aug,Bimodal,0.000,0.000,Poisson,Poisson + Newey–West HAC (Wald),Yes,0.0208,No
Cardiovascular System,02.06.02,Calcium-channel blockers,0206020L0,Lercanidipine hydrochloride,Secondary exploratory,1.012,1.007,1.025,May,Sep,Bimodal,0.000,0.955,Poisson,Poisson + Newey–West HAC (Wald),Yes,0.0228,No
Cardiovascular System,02.09.00,Antiplatelet drugs,0209000C0,Clopidogrel,Secondary exploratory,1.012,1.008,1.027,Nov,Mar,Bimodal,0.000,0.465,Poisson,Poisson + Newey–West HAC (Wald),Yes,<0.001,No
Central Nervous System,04.03.03,Selective serotonin re-uptake inhibitors,0403030X0,Escitalopram,Secondary exploratory,1.011,1.009,1.025,Dec,Aug,Bimodal,0.160,0.941,Poisson,Poisson + Newey–West HAC (Wald),Yes,<0.001,No
Cardiovascular System,02.04.00,Beta-adrenoceptor blocking drugs,0204000AB,Nebivolol,Secondary exploratory,1.011,1.009,1.031,Nov,Aug,Bimodal,0.166,0.736,Poisson,Poisson + Newey–West HAC (Wald),Yes,<0.001,No
Cardiovascular System,02.05.05,Renin-angiotensin system drugs,0205051R0,Ramipril,Secondary exploratory,1.010,1.007,1.021,May,Aug,Bimodal,0.000,0.668,Poisson,Poisson + Newey–West HAC (Wald),Yes,0.00962,No
Central Nervous System,04.03.03,Selective serotonin re-uptake inhibitors,0403030Q0,Sertraline hydrochloride,Secondary exploratory,1.010,1.008,1.024,Dec,Aug,Unimodal (non-sinusoidal),0.000,0.742,Poisson,Poisson + Newey–West HAC (Wald),Yes,<0.001,No
Central Nervous System,04.03.03,Selective serotonin re-uptake inhibitors,0403030P0,Paroxetine hydrochloride,Secondary exploratory,1.010,1.007,1.025,Nov,Aug,Bimodal,0.000,0.285,Poisson,Poisson + Newey–West HAC (Wald),Yes,0.0151,No
Cardiovascular System,02.05.05,Renin-angiotensin system drugs,0205052C0,Candesartan cilexetil,Secondary exploratory,1.010,1.007,1.022,Dec,Aug,Bimodal,0.000,0.779,Poisson,Poisson + Newey–West HAC (Wald),Yes,0.00948,No
Central Nervous System,04.03.04,Other antidepressant drugs,0403040Y0,Duloxetine hydrochloride,Secondary exploratory,1.010,1.007,1.024,Nov,Aug,Bimodal,0.000,0.954,Poisson,Poisson + Newey–West HAC (Wald),Yes,0.00191,No
Endocrine System,06.04.01,Female sex hormones and their modulators,0604011Y0,Tibolone,Secondary exploratory,1.010,1.007,1.029,Jun,Feb,Unimodal,0.032,0.854,Poisson,Poisson + Newey–West HAC (Wald),Yes,0.0478,No
Cardiovascular System,02.05.05,Renin-angiotensin system drugs,0205052I0,Irbesartan,Secondary exploratory,1.010,1.006,1.024,Nov,Aug,Bimodal,0.000,0.531,Poisson,Poisson + Newey–West HAC (Wald),Yes,0.0175,No
Cardiovascular System,02.04.00,Beta-adrenoceptor blocking drugs,0204000H0,Bisoprolol fumarate,Secondary exploratory,1.010,1.007,1.024,Nov,Aug,Bimodal,0.000,0.585,Poisson,Poisson + Newey–West HAC (Wald),Yes,0.00123,No
Malignant Disease and Immunosuppression,08.03.04,Hormone antagonists,0803041S0,Tamoxifen citrate,Secondary exploratory,1.010,1.006,1.025,Dec,Mar,Bimodal,0.000,0.901,Poisson,Poisson + Newey–West HAC (Wald),Yes,0.0292,No
Nutrition and Blood,09.06.02,Vitamin B group,0906026M0,Thiamine hydrochloride,Secondary exploratory,1.010,1.006,1.028,Nov,Apr,Unimodal (non-sinusoidal),0.000,0.757,Poisson,Poisson + Newey–West HAC (Wald),Yes,0.0357,No
Respiratory System,03.01.02,Antimuscarinic bronchodilators,0301020T0,Umeclidinium bromide,Secondary exploratory,1.009,1.006,1.023,Nov,Aug,Bimodal,0.000,0.977,Poisson,Poisson + Newey–West HAC (Wald),Yes,0.0259,No
Cardiovascular System,02.09.00,Antiplatelet drugs,0209000A0,Aspirin,Secondary exploratory,1.009,1.007,1.023,Nov,Jul,Bimodal,0.000,0.267,Poisson,Poisson + Newey–West HAC (Wald),Yes,0.00348,No
Gastro-Intestinal System,01.03.05,Proton pump inhibitors,0103050L0,Lansoprazole,Secondary exploratory,1.009,1.007,1.025,Dec,Aug,Bimodal,0.000,0.687,Poisson,Poisson + Newey–West HAC (Wald),No,0.0095,No
Central Nervous System,04.03.03,Selective serotonin re-uptake inhibitors,0403030E0,Fluoxetine hydrochloride,Secondary exploratory,1.009,1.006,1.027,Dec,Aug,Bimodal,0.000,0.000,Poisson,Poisson + Newey–West HAC (Wald),Yes,0.0429,No
Respiratory System,03.01.04,Compound bronchodilator preparations,0301040W0,Umeclidinium bromide/vilanterol,Secondary exploratory,1.008,1.007,1.025,May,Aug,Bimodal,0.000,0.947,Poisson,Poisson + Newey–West HAC (Wald),Yes,0.0112,No
Central Nervous System,04.03.03,Selective serotonin re-uptake inhibitors,0403030D0,Citalopram hydrobromide,Secondary exploratory,1.008,1.006,1.025,Dec,Jul,Unimodal (non-sinusoidal),0.000,0.691,Poisson,Poisson + Newey–West HAC (Wald),Yes,0.00656,No
Cardiovascular System,02.12.00,Lipid-regulating drugs,0212000B0,Atorvastatin,Secondary exploratory,1.007,1.005,1.022,Dec,Aug,Bimodal,0.000,0.936,Poisson,Poisson + Newey–West HAC (Wald),Yes,0.0146,No
